shipper_name,recipient_name,count
"C10-0000064-LIC (HUENEME PATIENT CONSUMER COLLECTIVE, LLC.)","C11-0000056-LIC (RUKLI, INC.)",1
"C10-0000064-LIC (HUENEME PATIENT CONSUMER COLLECTIVE, LLC.)","C11-0000486-LIC (RJRC, LLC)",1
"C10-0000064-LIC (HUENEME PATIENT CONSUMER COLLECTIVE, LLC.)","C11-0000578-LIC (9701 ENTERPRISES, INC.)",1
"C10-0000064-LIC (HUENEME PATIENT CONSUMER COLLECTIVE, LLC.)",C11-0000620-LIC (IRONWORKS COLLECTIVE INC.),1
"C10-0000064-LIC (HUENEME PATIENT CONSUMER COLLECTIVE, LLC.)","C11-0001101-LIC (SENSE DISTRIBUTION, INC.)",2
"C10-0000064-LIC (HUENEME PATIENT CONSUMER COLLECTIVE, LLC.)","C11-0001135-LIC (HERBL, INC.)",1
"C10-0000064-LIC (HUENEME PATIENT CONSUMER COLLECTIVE, LLC.)",C11-0001146-LIC (LCISM CORP),1
"C10-0000064-LIC (HUENEME PATIENT CONSUMER COLLECTIVE, LLC.)",C12-0000154-LIC (CALIFORNIA MARIJUANA COMPANY),1
C10-0000596-LIC (ROYAL APOTHECARY L.L.C.),"C10-0000481-LIC (CALIFORNIA COMPASSIONATE CARE NETWORK, INC.)",1
C10-0000596-LIC (ROYAL APOTHECARY L.L.C.),C11-0000137-LIC (FEELGOOD SALES GROUP),1
C10-0000596-LIC (ROYAL APOTHECARY L.L.C.),C9-0000309-LIC (WHOLE GREENS CALIFORNIA MANAGEMENT INC),1
C11-0000156-LIC (HTC SOLUTIONS INC.),"C10-0000226-LIC (VALLEY COLLECTIVE CARE, INC.)",2
C11-0000156-LIC (HTC SOLUTIONS INC.),C10-0000424-LIC (NATURAL REMEDIES CAREGIVERS),1
C11-0000156-LIC (HTC SOLUTIONS INC.),"C10-0000434-LIC (LOS ANGELES VALLEY CAREGIVERS, INC.)",3
C11-0000156-LIC (HTC SOLUTIONS INC.),C10-0000439-LIC (GREEN CROSS SOCIETY OF SOUTHERN CALIFORNIA CORPORATION),1
C11-0000156-LIC (HTC SOLUTIONS INC.),"C10-0000697-LIC (FREEDOM 1ST ASSOCIATION, INC.)",2
C11-0000156-LIC (HTC SOLUTIONS INC.),"C11-0000084-LIC (TERP WHOLESALE, LLC)",1
C11-0000156-LIC (HTC SOLUTIONS INC.),C11-0000246-LIC (BACKBONE DISTRIBUTION),1
C11-0000156-LIC (HTC SOLUTIONS INC.),C11-0000305-LIC (Euphoric Life Inc),1
C11-0000156-LIC (HTC SOLUTIONS INC.),"C11-0000306-LIC (GP OPERATIONS, INC.)",1
C11-0000156-LIC (HTC SOLUTIONS INC.),C11-0000368-LIC (PERFECT KUSH COOPERATIVE CORPORATION),3
C11-0000156-LIC (HTC SOLUTIONS INC.),"C11-0000385-LIC (ANAT GROUP, INC.)",1
C11-0000156-LIC (HTC SOLUTIONS INC.),C11-0000418-LIC (Nomad Brand Enterprises Inc.),4
C11-0000156-LIC (HTC SOLUTIONS INC.),"C11-0000458-LIC (PUBLIC ONLY SERVICES, INC.)",1
C11-0000156-LIC (HTC SOLUTIONS INC.),"C11-0000539-LIC (SEABRIGHT DISTRIBUTION, INC.)",1
C11-0000156-LIC (HTC SOLUTIONS INC.),C11-0000551-LIC (Relief CCR),6
C11-0000156-LIC (HTC SOLUTIONS INC.),"C11-0000717-LIC (VENICE SHORES MANAGEMENT, LLC)",7
C11-0000156-LIC (HTC SOLUTIONS INC.),C11-0000924-LIC (HIGHER PURPOSE DISTRIBUTION LLC),4
C11-0000156-LIC (HTC SOLUTIONS INC.),"C11-0000951-LIC (PALOMAR WORKS, INC.)",1
C11-0000156-LIC (HTC SOLUTIONS INC.),"C11-0001045-LIC (CANNABLE ORGANICS, INC.)",1
C11-0000156-LIC (HTC SOLUTIONS INC.),"C11-0001099-LIC (DELTA HEALTH, INC.)",1
C11-0000156-LIC (HTC SOLUTIONS INC.),"C11-0001144-LIC (ARTISAN CANNA CIGARS, LLC)",1
C11-0000156-LIC (HTC SOLUTIONS INC.),C11-0001235-LIC (Green Rocket Design and Technology Corp.),1
C11-0000156-LIC (HTC SOLUTIONS INC.),C11-0001241-LIC (SIGNAL MANAGEMENT LLC),1
C11-0000156-LIC (HTC SOLUTIONS INC.),"C11-0001257-LIC (SYLMAR DISCOUNT COLLECTIVE, INC.)",1
C11-0000156-LIC (HTC SOLUTIONS INC.),"C12-0000030-LIC (Voyage Distribution, Inc.)",1
C11-0000156-LIC (HTC SOLUTIONS INC.),"C12-0000161-LIC (BLAQSTAR WEST HOLDINGS, LLC)",1
C11-0000156-LIC (HTC SOLUTIONS INC.),C12-0000267-LIC (MED X NOW),2
C11-0000156-LIC (HTC SOLUTIONS INC.),C8-0000008-LIC (BELCOSTA LABS LONG BEACH LLC),2
C11-0000156-LIC (HTC SOLUTIONS INC.),C8-0000104-LIC (CALIGREEN LABORATORY),3
C11-0000156-LIC (HTC SOLUTIONS INC.),"CCL18-0001171 (DewDrop Enterprise, LLC)",1
C11-0000156-LIC (HTC SOLUTIONS INC.),"CCL19-0001581 (NZ Group, LLC)",2
C11-0000156-LIC (HTC SOLUTIONS INC.),CCL19-0001742 (Alkhemist LLC),1
C11-0000156-LIC (HTC SOLUTIONS INC.),CCL19-0001972 (Bay View Farms Inc.),1
C11-0000156-LIC (HTC SOLUTIONS INC.),"CCL19-0002527 (Sheldon KBK Enterprises, LLC)",1
C11-0000156-LIC (HTC SOLUTIONS INC.),CCL19-0003094 (CannaPete),5
C11-0000156-LIC (HTC SOLUTIONS INC.),CCL19-0004335 (PERFECT KUSH COOPORATIVE CORPORATION),2
C11-0000156-LIC (HTC SOLUTIONS INC.),"CCL19-0005189 (WWCMC, Inc)",1
C11-0000156-LIC (HTC SOLUTIONS INC.),CCL20-0002362 (Alkhemist LLC),1
C11-0000156-LIC (HTC SOLUTIONS INC.),CDPH-10003170 (Sublime Machining),1
C11-0000156-LIC (HTC SOLUTIONS INC.),"CDPH-10003287 (Anat Group, Inc.)",1
C11-0000156-LIC (HTC SOLUTIONS INC.),"CDPH-10003356 (Euphoric Life, Inc.)",2
C11-0000156-LIC (HTC SOLUTIONS INC.),"CDPH-10003455 (Optimal Growth Management, Inc.)",2
"C11-0000255-LIC (LADYBUG FARMS, LLC)","C10-0000056-LIC (THE GREEN GODDESS, INC.)",2
"C11-0000255-LIC (LADYBUG FARMS, LLC)",C10-0000513-LIC (THE NATURAL WAY OF LA),2
"C11-0000255-LIC (LADYBUG FARMS, LLC)","C10-0000549-LIC (HOLISTIC HEALING ALTERNATIVE, INC.)",5
"C11-0000255-LIC (LADYBUG FARMS, LLC)",C11-0000371-LIC (IRRATIONAL RACCOON LLC),2
"C11-0000255-LIC (LADYBUG FARMS, LLC)",C11-0000532-LIC (TELOS CG DISTRIBUTION LLC),2
"C11-0000255-LIC (LADYBUG FARMS, LLC)",C11-0000939-LIC (GREENFIELD ORGANIX),2
"C11-0000255-LIC (LADYBUG FARMS, LLC)",C11-0000975-LIC (HERBL INC),1
"C11-0000255-LIC (LADYBUG FARMS, LLC)","C11-0001255-LIC (Kiva Sales & Service, Inc)",13
"C11-0000255-LIC (LADYBUG FARMS, LLC)","C11-0001274-LIC (NABITWO, LLC)",1
"C11-0000255-LIC (LADYBUG FARMS, LLC)",C12-0000193-LIC (BEACH ENLIGHTENMENT AND COMPASSIONATE HEALING CORPORATION),2
"C11-0000255-LIC (LADYBUG FARMS, LLC)","C12-0000237-LIC (BW MACAW GROUP, INC.)",6
"C11-0000255-LIC (LADYBUG FARMS, LLC)","C12-0000266-LIC (WESTSIDE CAREGIVERS CLUB, INC.)",3
"C11-0000255-LIC (LADYBUG FARMS, LLC)",C12-0000271-LIC (CANNACO RESEARCH CORPORATION),1
"C11-0000255-LIC (LADYBUG FARMS, LLC)",C8-0000012-LIC (QC LABS),10
"C11-0000255-LIC (LADYBUG FARMS, LLC)",C8-0000014-LIC (THINK20 LABS),8
"C11-0000255-LIC (LADYBUG FARMS, LLC)","C8-0000014-LIC (THINK20 LABS, LLC)",5
"C11-0000255-LIC (LADYBUG FARMS, LLC)",C8-0000068-LIC (CALIFORNIA CANNABIS TESTING LABS),13
"C11-0000255-LIC (LADYBUG FARMS, LLC)",C9-0000104-LIC (OHANA GARDENS),3
"C11-0000255-LIC (LADYBUG FARMS, LLC)",C9-0000215-LIC (HOMETOWN HEART),3
"C11-0000255-LIC (LADYBUG FARMS, LLC)",C9-0000295-LIC (Hometown Heart),3
"C11-0000255-LIC (LADYBUG FARMS, LLC)","C9-0000298-LIC (CLEARLAKE GROWTH FUND II, INC)",2
"C11-0000255-LIC (LADYBUG FARMS, LLC)","C9-0000381-LIC (ELEMENT 7 SOUTH SAN FRANCISCO, LLC)",3
"C11-0000255-LIC (LADYBUG FARMS, LLC)",CCL18-0003236 (Green Sprouts LLC),1
"C11-0000255-LIC (LADYBUG FARMS, LLC)",CCL18-0003249 (Ladybug Farms LLC),2
C11-0000314-LIC (Med For America Inc.),C10-0000002-LIC (MONTEREY COUNTY PATIENTS GROUP INCORPORATED),1
C11-0000314-LIC (Med For America Inc.),"C10-0000003-LIC (OMEGA GROUP, INC.)",23
C11-0000314-LIC (Med For America Inc.),"C10-0000007-LIC (BLUE MOUNTAIN COLLECTIVE, INC.)",24
C11-0000314-LIC (Med For America Inc.),C10-0000009-LIC (HORIZON COLLECTIVE INC.),4
C11-0000314-LIC (Med For America Inc.),C10-0000009-LIC (HORIZON NONPROFIT COLLECTIVE),8
C11-0000314-LIC (Med For America Inc.),C10-0000016-LIC (MISSION HERBAL CARE INC),13
C11-0000314-LIC (Med For America Inc.),"C10-0000022-LIC (CALI KOSHER, INC)",31
C11-0000314-LIC (Med For America Inc.),"C10-0000023-LIC (SUNSET HERBAL CORNER, INC.)",15
C11-0000314-LIC (Med For America Inc.),C10-0000026-LIC (GOLD FLORA PARTNERS LLC),20
C11-0000314-LIC (Med For America Inc.),C10-0000027-LIC (BLUM SAN LEANDRO),2
C11-0000314-LIC (Med For America Inc.),"C10-0000030-LIC (DBO INVESTMENTS PH, LLC)",12
C11-0000314-LIC (Med For America Inc.),"C10-0000031-LIC (HUMBOLDT RELIEF, LLC)",31
C11-0000314-LIC (Med For America Inc.),C10-0000032-LIC (THE HEALING CENTER NEEDLES),11
C11-0000314-LIC (Med For America Inc.),C10-0000036-LIC (SUNDIAL COLLECTIVE),6
C11-0000314-LIC (Med For America Inc.),C10-0000038-LIC (LAKE ELSINORE COMMUNITY INVESTMENT CORPORATION),28
C11-0000314-LIC (Med For America Inc.),C10-0000041-LIC (SAN FERNANDO VALLEY PATIENTS COOPERATIVE),25
C11-0000314-LIC (Med For America Inc.),C10-0000043-LIC (JESSIE STREET COLLECTIVE LLC),25
C11-0000314-LIC (Med For America Inc.),C10-0000044-LIC (BUD AND BLOOM),12
C11-0000314-LIC (Med For America Inc.),C10-0000047-LIC (AGMD LOGISTICS LLC),1
C11-0000314-LIC (Med For America Inc.),"C10-0000050-LIC (PHC Facilities, Inc.)",9
C11-0000314-LIC (Med For America Inc.),"C10-0000052-LIC (SAN DIEGO NATURAL, INC.)",12
C11-0000314-LIC (Med For America Inc.),"C10-0000054-LIC (ONESRA ENTERPRISES, INC.)",31
C11-0000314-LIC (Med For America Inc.),C10-0000055-LIC (Rajwinder Bal),4
C11-0000314-LIC (Med For America Inc.),"C10-0000056-LIC (THE GREEN GODDESS, INC.)",41
C11-0000314-LIC (Med For America Inc.),"C10-0000059-LIC (VALLEY PURE,LLC)",40
C11-0000314-LIC (Med For America Inc.),C10-0000062-LIC (Coastal Dispensary LLC),3
C11-0000314-LIC (Med For America Inc.),"C10-0000064-LIC (HUENEME PATIENT CONSUMER COLLECTIVE, LLC.)",4
C11-0000314-LIC (Med For America Inc.),"C10-0000065-LIC (HOMEOPATHIC CULTIVATION COOPERATIVE, INC)",12
C11-0000314-LIC (Med For America Inc.),"C10-0000065-LIC (HOMEOPATHIC CULTIVATION, INC)",3
C11-0000314-LIC (Med For America Inc.),C10-0000068-LIC (HAH 5 LLC),1
C11-0000314-LIC (Med For America Inc.),C10-0000071-LIC (Mary Jane's Collective Caregivers),5
C11-0000314-LIC (Med For America Inc.),C10-0000072-LIC (McFlower Corporation),88
C11-0000314-LIC (Med For America Inc.),C10-0000073-LIC (BLACK OAK GALLERY),5
C11-0000314-LIC (Med For America Inc.),"C10-0000076-LIC (VALLEY GREENS RETAIL OUTLET, INC.)",45
C11-0000314-LIC (Med For America Inc.),"C10-0000078-LIC (ESHD, INC)",3
C11-0000314-LIC (Med For America Inc.),C10-0000080-LIC (SOCAL'S CHOICE INC),65
C11-0000314-LIC (Med For America Inc.),"C10-0000081-LIC (DELTA 9 THC, LLC)",3
C11-0000314-LIC (Med For America Inc.),"C10-0000084-LIC (THE COACHELLA LIGHTHOUSE, LLC)",33
C11-0000314-LIC (Med For America Inc.),C10-0000085-LIC (MISSION HILLS PATIENT COLLECTIVE),11
C11-0000314-LIC (Med For America Inc.),C10-0000088-LIC (HONEYDEW SOLUTIONS CORP),4
C11-0000314-LIC (Med For America Inc.),C10-0000089-LIC (420 EXPRESS DELIVERY INC),10
C11-0000314-LIC (Med For America Inc.),"C10-0000091-LIC (SMH RESOURCES, INC.)",31
C11-0000314-LIC (Med For America Inc.),"C10-0000092-LIC (IE GARDENS, INC.)",25
C11-0000314-LIC (Med For America Inc.),"C10-0000093-LIC (Kush Alley, Inc)",32
C11-0000314-LIC (Med For America Inc.),C10-0000096-LIC (CIRCLE OF HOPE ALLIANCE),19
C11-0000314-LIC (Med For America Inc.),C10-0000098-LIC (UNIVERSAL HERBAL CENTER LLC),27
C11-0000314-LIC (Med For America Inc.),C10-0000101-LIC (RYAN BURNS COLLECTIVE),16
C11-0000314-LIC (Med For America Inc.),"C10-0000103-LIC (55 OC COLLECTIVE, INC.)",1
C11-0000314-LIC (Med For America Inc.),"C10-0000106-LIC (VALIPLUG, INC.)",44
C11-0000314-LIC (Med For America Inc.),"C10-0000107-LIC (KB COLLECTIVE FOR COMPASSION AND CARE, INC.)",10
C11-0000314-LIC (Med For America Inc.),"C10-0000115-LIC (3242 Enterprises, Inc.)",24
C11-0000314-LIC (Med For America Inc.),"C10-0000115-LIC (Four Twenty Green Street, Inc.)",10
C11-0000314-LIC (Med For America Inc.),"C10-0000118-LIC (ASHMOON, INC.)",39
C11-0000314-LIC (Med For America Inc.),"C10-0000121-LIC (ECSD MANAGEMENT, LLC.)",3
C11-0000314-LIC (Med For America Inc.),C10-0000122-LIC (GREEN DOT MEDICINAL CANNABIS PATIENTS' GROUP),1
C11-0000314-LIC (Med For America Inc.),"C10-0000126-LIC (SoCal The Syndicate, Inc.)",1
C11-0000314-LIC (Med For America Inc.),"C10-0000127-LIC (BCSF, INC.)",8
C11-0000314-LIC (Med For America Inc.),"C10-0000129-LIC (VERMONT HERBAL CENTER, INC.)",10
C11-0000314-LIC (Med For America Inc.),"C10-0000130-LIC (RESOURCE REFERRAL SERVICES, INC.)",13
C11-0000314-LIC (Med For America Inc.),"C10-0000131-LIC (LA WONDERLAND CAREGIVERS, INC.)",24
C11-0000314-LIC (Med For America Inc.),C10-0000133-LIC (PURPLE STAR MD COLLECTIVE),52
C11-0000314-LIC (Med For America Inc.),"C10-0000134-LIC (ADELANTO AIR EXPRESSWAY, INC.)",4
C11-0000314-LIC (Med For America Inc.),C10-0000135-LIC (Pal's Association),39
C11-0000314-LIC (Med For America Inc.),C10-0000136-LIC (SMART COLLECTIVE INC),3
C11-0000314-LIC (Med For America Inc.),C10-0000137-LIC (BSCB ENTERPRISES),1
C11-0000314-LIC (Med For America Inc.),"C10-0000139-LIC (SUNRISE CAREGIVER FOUNDATION, INC.)",15
C11-0000314-LIC (Med For America Inc.),"C10-0000140-LIC (ALTERNATIVE HEALTH SUNRISE, INC)",27
C11-0000314-LIC (Med For America Inc.),"C10-0000141-LIC (LAX CC, INC.)",16
C11-0000314-LIC (Med For America Inc.),C10-0000142-LIC (HIGHER LEVEL OF CARE HOLLISTER INC.),1
C11-0000314-LIC (Med For America Inc.),"C10-0000143-LIC (Southern California Collective, A California Corporation)",6
C11-0000314-LIC (Med For America Inc.),"C10-0000144-LIC (FIREHOUSE 64, INC.)",18
C11-0000314-LIC (Med For America Inc.),C10-0000145-LIC (WCW ORGANIZATION INC.),44
C11-0000314-LIC (Med For America Inc.),C10-0000146-LIC (420 FOR THE PEOPLE COOPERATIVE INC),1
C11-0000314-LIC (Med For America Inc.),C10-0000149-LIC (HIGHER LEVEL OF CARE),8
C11-0000314-LIC (Med For America Inc.),"C10-0000151-LIC (HEALTHY HEALING HOLISTIC OPTIONS, INC)",46
C11-0000314-LIC (Med For America Inc.),"C10-0000152-LIC (ELEVATED SYSTEMS, INC.)",41
C11-0000314-LIC (Med For America Inc.),"C10-0000153-LIC (G.S.H.L.E., INC.)",1
C11-0000314-LIC (Med For America Inc.),C10-0000157-LIC (THE HIGHER PATH PATIENTS' ASSOCIATION),24
C11-0000314-LIC (Med For America Inc.),C10-0000158-LIC (BAY AREA SAFE ALTERNATIVES COLLECTIVE INC),7
C11-0000314-LIC (Med For America Inc.),"C10-0000159-LIC (Lytt, LLC)",26
C11-0000314-LIC (Med For America Inc.),C10-0000160-LIC (MEDICAL CAREGIVERS COMPANY),15
C11-0000314-LIC (Med For America Inc.),C10-0000163-LIC (C.R.&.D INC),42
C11-0000314-LIC (Med For America Inc.),C10-0000164-LIC (Mercy Wellness of Cotati),26
C11-0000314-LIC (Med For America Inc.),"C10-0000166-LIC (ALTERNATE HEALTH COLLECTIVE ASSOCIATION, INC.)",10
C11-0000314-LIC (Med For America Inc.),C10-0000167-LIC (THE 420 LOUNGE),23
C11-0000314-LIC (Med For America Inc.),"C10-0000168-LIC (Monex Place Wellness, Inc.)",33
C11-0000314-LIC (Med For America Inc.),"C10-0000169-LIC (GREEN ROSE GREEN LEAF CARE, INC.)",24
C11-0000314-LIC (Med For America Inc.),"C10-0000170-LIC (SCSA GROUP, INC.)",9
C11-0000314-LIC (Med For America Inc.),C10-0000173-LIC (NHS COLLECTIVE),35
C11-0000314-LIC (Med For America Inc.),"C10-0000174-LIC (SUSTAINABLE THERAPEUTICS COMPANY, INC.)",12
C11-0000314-LIC (Med For America Inc.),"C10-0000175-LIC (KASE'S JOURNEY, INC)",23
C11-0000314-LIC (Med For America Inc.),"C10-0000176-LIC (JAYDEN'S JOURNEY COOPERATIVE, INC.)",24
C11-0000314-LIC (Med For America Inc.),"C10-0000179-LIC (TRINITY MA, INC)",13
C11-0000314-LIC (Med For America Inc.),C10-0000180-LIC (BALBOA AVE COOPERATIVE),7
C11-0000314-LIC (Med For America Inc.),"C10-0000183-LIC (CAC VENICE, LLC)",6
C11-0000314-LIC (Med For America Inc.),"C10-0000184-LIC (HARVEST OF NAPA, INC)",47
C11-0000314-LIC (Med For America Inc.),"C10-0000185-LIC (HOLISTIC HEALING COLLECTIVE, INC.)",36
C11-0000314-LIC (Med For America Inc.),"C10-0000187-LIC (HARBOR MANAGMENT GROUP, LLC)",26
C11-0000314-LIC (Med For America Inc.),"C10-0000189-LIC (GREEN KONG, INC.)",32
C11-0000314-LIC (Med For America Inc.),C10-0000191-LIC (BARR CORPORATION),9
C11-0000314-LIC (Med For America Inc.),C10-0000192-LIC (JOY INDUSTRIES INC),1
C11-0000314-LIC (Med For America Inc.),"C10-0000194-LIC (CANNA CLOUD, LLC.)",23
C11-0000314-LIC (Med For America Inc.),"C10-0000195-LIC (Pacafi, Inc.)",1
C11-0000314-LIC (Med For America Inc.),"C10-0000196-LIC (PACAFI, INC)",1
C11-0000314-LIC (Med For America Inc.),"C10-0000197-LIC (PHENOS COLLECTIVE, INC.)",1
C11-0000314-LIC (Med For America Inc.),C10-0000203-LIC (RX BOYS INC.),14
C11-0000314-LIC (Med For America Inc.),C10-0000207-LIC (SOAR COLLECTIVE),18
C11-0000314-LIC (Med For America Inc.),"C10-0000208-LIC (Royal Healing Emporium, Inc.)",40
C11-0000314-LIC (Med For America Inc.),"C10-0000210-LIC (COLLECTIVE PHARM, INC.)",1
C11-0000314-LIC (Med For America Inc.),"C10-0000212-LIC (PEOPLE'S FIRST CHOICE, LLC)",20
C11-0000314-LIC (Med For America Inc.),"C10-0000214-LIC (CDAC Cherry, Inc.)",38
C11-0000314-LIC (Med For America Inc.),C10-0000216-LIC (The Lighthouse Palm Springs LLC),25
C11-0000314-LIC (Med For America Inc.),"C10-0000221-LIC (Santa Barbara Collective, Inc.)",6
C11-0000314-LIC (Med For America Inc.),"C10-0000222-LIC (SAVIA, LLC)",31
C11-0000314-LIC (Med For America Inc.),"C10-0000228-LIC (LA MESA HEALTH CENTER, INC.)",59
C11-0000314-LIC (Med For America Inc.),"C10-0000229-LIC (NEW AGE COMPASSION CARE CENTER, INC.)",10
C11-0000314-LIC (Med For America Inc.),"C10-0000231-LIC (OCEAN HYE, LLC)",7
C11-0000314-LIC (Med For America Inc.),C10-0000236-LIC (CALIFORNIA'S FINEST COAST TO COAST INC.),7
C11-0000314-LIC (Med For America Inc.),"C10-0000241-LIC (VMK, INC.)",41
C11-0000314-LIC (Med For America Inc.),"C10-0000242-LIC (TORREY HOLISTICS, INC.)",1
C11-0000314-LIC (Med For America Inc.),"C10-0000243-LIC (BOO KU CC, INC.)",45
C11-0000314-LIC (Med For America Inc.),"C10-0000245-LIC (Avalon Wellness Center, LLC)",24
C11-0000314-LIC (Med For America Inc.),"C10-0000248-LIC (STRAIN BALBOA CAREGIVERS, INC.)",45
C11-0000314-LIC (Med For America Inc.),C10-0000250-LIC (HIGHWAY 29 HEALTHCARE INC),28
C11-0000314-LIC (Med For America Inc.),"C10-0000252-LIC (HERBAL REMEDIES CAREGIVERS, INC.)",2
C11-0000314-LIC (Med For America Inc.),"C10-0000253-LIC (CANOPY MONTEREY BAY, LLC)",19
C11-0000314-LIC (Med For America Inc.),"C10-0000255-LIC (NTZ, INC.)",4
C11-0000314-LIC (Med For America Inc.),C10-0000261-LIC (VHHC LLC),12
C11-0000314-LIC (Med For America Inc.),C10-0000264-LIC (COACHELLA VALLEY GREEN DRAGON),16
C11-0000314-LIC (Med For America Inc.),C10-0000266-LIC (KIND FARMA),4
C11-0000314-LIC (Med For America Inc.),"C10-0000270-LIC (805 BEACH BREAKS, INC.)",55
C11-0000314-LIC (Med For America Inc.),C10-0000272-LIC (GREEN HOUSE COLLECTIVE LLC),2
C11-0000314-LIC (Med For America Inc.),"C10-0000278-LIC (GREEN AID RECOVERY GROUP, INC.)",1
C11-0000314-LIC (Med For America Inc.),"C10-0000288-LIC (THE WELLNESS EARTH ENERGY DISPENSARY, INC.)",14
C11-0000314-LIC (Med For America Inc.),C10-0000294-LIC (EARTH ESSENTIALS LLC),28
C11-0000314-LIC (Med For America Inc.),C10-0000295-LIC (21227 FOOTHILL LLC),2
C11-0000314-LIC (Med For America Inc.),C10-0000296-LIC (ROBERTSON CAREGIVERS BEVERLYWOOD),12
C11-0000314-LIC (Med For America Inc.),"C10-0000298-LIC (GSG PL, INC.)",1
C11-0000314-LIC (Med For America Inc.),C10-0000305-LIC (THREE HABITAT CONSULTING CONTRA COSTA LLC),8
C11-0000314-LIC (Med For America Inc.),"C10-0000306-LIC (We Are Hemp, LLC)",18
C11-0000314-LIC (Med For America Inc.),"C10-0000312-LIC (SAN FERNANDO VALLEY MEDICAL SUPPLY, INC.)",24
C11-0000314-LIC (Med For America Inc.),"C10-0000313-LIC (DIVINE WELLNESS CENTER, INC.)",21
C11-0000314-LIC (Med For America Inc.),"C10-0000318-LIC (STOCKTON PARTNERS, INC.)",18
C11-0000314-LIC (Med For America Inc.),"C10-0000319-LIC (P.S.A.C., INC.)",15
C11-0000314-LIC (Med For America Inc.),"C10-0000320-LIC (CALIFORNIA DISPENSARIES, INC.)",40
C11-0000314-LIC (Med For America Inc.),C10-0000321-LIC (CV WELLNESS),58
C11-0000314-LIC (Med For America Inc.),C10-0000323-LIC (LOUD SD INC.),1
C11-0000314-LIC (Med For America Inc.),C10-0000325-LIC (CHAI CANNABIS CO),2
C11-0000314-LIC (Med For America Inc.),"C10-0000329-LIC (1 VERTICAL, INC.)",4
C11-0000314-LIC (Med For America Inc.),C10-0000330-LIC (SACRAMENTO COMMUNITY CANNABIS COLLECTIVE),14
C11-0000314-LIC (Med For America Inc.),"C10-0000332-LIC (THE MEDICINE WOMAN GROUP, LLC)",10
C11-0000314-LIC (Med For America Inc.),"C10-0000334-LIC (PATIENTS AND CAREGIVERS LOS ANGELES, INC.)",24
C11-0000314-LIC (Med For America Inc.),"C10-0000335-LIC (THE ROOTS DISPENSARY, LLC.)",16
C11-0000314-LIC (Med For America Inc.),"C10-0000336-LIC (THE RELIEF COLLECTIVE, INC.)",6
C11-0000314-LIC (Med For America Inc.),"C10-0000340-LIC (St. Andrews Green, a Cooperative Corporation)",12
C11-0000314-LIC (Med For America Inc.),"C10-0000341-LIC (A GREEN ALTERNATIVE COOPERATIVE, INC.)",20
C11-0000314-LIC (Med For America Inc.),"C10-0000342-LIC (Natural Aid Pharmacy, A Cooperative Corporation)",8
C11-0000314-LIC (Med For America Inc.),C10-0000356-LIC (GREEN LEAF CAREGIVERS),35
C11-0000314-LIC (Med For America Inc.),"C10-0000356-LIC (GREEN LEAF CAREGIVERS, INC.)",9
C11-0000314-LIC (Med For America Inc.),"C10-0000359-LIC (SAFE HARBOR PATIENT'S COLLECTIVE, INC.)",9
C11-0000314-LIC (Med For America Inc.),"C10-0000362-LIC (PERENNIAL HOLISTIC WELLNESS CENTER, INC.)",12
C11-0000314-LIC (Med For America Inc.),"C10-0000365-LIC (GSG SBCA, INC.)",4
C11-0000314-LIC (Med For America Inc.),"C10-0000367-LIC (KUSH VALLEY COLLECTIVE, INC)",19
C11-0000314-LIC (Med For America Inc.),C10-0000369-LIC (OAKLYFE LLC),4
C11-0000314-LIC (Med For America Inc.),C10-0000371-LIC (ZEN HEALING COLLECTIVE CORPORATION),6
C11-0000314-LIC (Med For America Inc.),"C10-0000375-LIC (GREEN GOLD CULTIVATORS, INC.)",5
C11-0000314-LIC (Med For America Inc.),"C10-0000377-LIC (HILLTOP COMMUNITY PARTNERS, LLC)",30
C11-0000314-LIC (Med For America Inc.),"C10-0000381-LIC (Hollywood Holistic Healers, Inc.)",4
C11-0000314-LIC (Med For America Inc.),C10-0000383-LIC (LOS ANGELES WELLNESS CENTER),1
C11-0000314-LIC (Med For America Inc.),"C10-0000386-LIC (The Green Earth Farmacie, Inc)",57
C11-0000314-LIC (Med For America Inc.),C10-0000388-LIC (NATURAL HEALING CENTER),41
C11-0000314-LIC (Med For America Inc.),C10-0000389-LIC (THE POTTERY),14
C11-0000314-LIC (Med For America Inc.),C10-0000389-LIC (THE POTTERY INC.),1
C11-0000314-LIC (Med For America Inc.),"C10-0000391-LIC (Los Angeles Farmers, Inc.)",19
C11-0000314-LIC (Med For America Inc.),"C10-0000396-LIC (ACCUCANNA, LLC)",9
C11-0000314-LIC (Med For America Inc.),C10-0000397-LIC (CANNATOPIA GARDENS),47
C11-0000314-LIC (Med For America Inc.),C10-0000398-LIC (LONG BEACH WELLNESS CENTER),21
C11-0000314-LIC (Med For America Inc.),"C10-0000400-LIC (The 10 Spot, Inc.)",14
C11-0000314-LIC (Med For America Inc.),"C10-0000401-LIC (HALLADAY HEALING GROUP, INC.)",42
C11-0000314-LIC (Med For America Inc.),"C10-0000402-LIC (2015 HALLADAY WELLNESS, INC.)",46
C11-0000314-LIC (Med For America Inc.),C10-0000405-LIC (PURPLE HEART COMPASSION INC),26
C11-0000314-LIC (Med For America Inc.),C10-0000406-LIC (HUNTINGTON PATIENTS' ASSOCIATION),8
C11-0000314-LIC (Med For America Inc.),"C10-0000407-LIC (Medical Miracle, Inc.)",20
C11-0000314-LIC (Med For America Inc.),C10-0000408-LIC (AAA HEALTH CENTER),6
C11-0000314-LIC (Med For America Inc.),C10-0000410-LIC (RELIEF CCR),15
C11-0000314-LIC (Med For America Inc.),C10-0000415-LIC (GEORGE PINTO),1
C11-0000314-LIC (Med For America Inc.),C10-0000416-LIC (Green Earth Pharmacy inc),26
C11-0000314-LIC (Med For America Inc.),C10-0000420-LIC (SHERMAN OAKS COLLECTIVE CARE INC.),12
C11-0000314-LIC (Med For America Inc.),"C10-0000428-LIC (WESTSIDE PROFESSIONAL MANAGEMENT, LLC)",6
C11-0000314-LIC (Med For America Inc.),"C10-0000431-LIC (CANTODIEM DISPENSING COLLECTIVE, INC.)",35
C11-0000314-LIC (Med For America Inc.),"C10-0000434-LIC (LOS ANGELES VALLEY CAREGIVERS, INC.)",44
C11-0000314-LIC (Med For America Inc.),C10-0000435-LIC (SAN JOSE WELLNESS),2
C11-0000314-LIC (Med For America Inc.),C10-0000436-LIC (THE GARRY FIVE),41
C11-0000314-LIC (Med For America Inc.),C10-0000439-LIC (GREEN CROSS SOCIETY OF SOUTHERN CALIFORNIA CORPORATION),4
C11-0000314-LIC (Med For America Inc.),C10-0000444-LIC (Cana Roots),24
C11-0000314-LIC (Med For America Inc.),C10-0000445-LIC (P & S VENTURES),3
C11-0000314-LIC (Med For America Inc.),C10-0000446-LIC (SYLMAR CAREGIVERS INC.),7
C11-0000314-LIC (Med For America Inc.),C10-0000447-LIC (NATURAL REMEDIES CONSULTING),4
C11-0000314-LIC (Med For America Inc.),C10-0000450-LIC (LA ORGANIC PHARMACY INC),34
C11-0000314-LIC (Med For America Inc.),"C10-0000457-LIC (EXCLUSIVE CAREGIVERS OF CALIFORNIA, INC.)",2
C11-0000314-LIC (Med For America Inc.),C10-0000458-LIC (MOTHER NATURE'S REMEDY CAREGIVER'S),1
C11-0000314-LIC (Med For America Inc.),"C10-0000459-LIC (SUPERIOR HERBAL HEALTH, LLC)",8
C11-0000314-LIC (Med For America Inc.),"C10-0000460-LIC (MARINA CAREGIVERS' COOPERATIVE, INC.)",32
C11-0000314-LIC (Med For America Inc.),"C10-0000460-LIC (MARINA CAREGIVERS, INC.)",1
C11-0000314-LIC (Med For America Inc.),"C10-0000461-LIC (California Patients Alliance, Inc.)",10
C11-0000314-LIC (Med For America Inc.),C10-0000462-LIC (SO-CAL MM PATIENTS ASSOCIATION),35
C11-0000314-LIC (Med For America Inc.),C10-0000463-LIC (PATIENTS MUTUAL ASSISTANCE COLLECTIVE CORPORATION),6
C11-0000314-LIC (Med For America Inc.),C10-0000467-LIC (GREEN DOOR REDDING LLC),5
C11-0000314-LIC (Med For America Inc.),"C10-0000472-LIC (Mission Bay, LLC)",39
C11-0000314-LIC (Med For America Inc.),C10-0000476-LIC (HERBAL SOLUTION SOUTHERN CALIFORNIA),14
C11-0000314-LIC (Med For America Inc.),C10-0000477-LIC (NO WAIT MEDS),41
C11-0000314-LIC (Med For America Inc.),"C10-0000478-LIC (FIREHOUSE HEALTH CARE INDUSTRIES, INC.)",26
C11-0000314-LIC (Med For America Inc.),"C10-0000479-LIC (DSWC, INC.)",27
C11-0000314-LIC (Med For America Inc.),C10-0000480-LIC (EMERALD SKYWAY),1
C11-0000314-LIC (Med For America Inc.),"C10-0000481-LIC (CALIFORNIA COMPASSIONATE CARE NETWORK, INC.)",25
C11-0000314-LIC (Med For America Inc.),"C10-0000482-LIC (THE LEAF AT 73740, LLC)",24
C11-0000314-LIC (Med For America Inc.),"C10-0000484-LIC (LDJNBW, LLC.)",56
C11-0000314-LIC (Med For America Inc.),"C10-0000490-LIC (MED THRIVE COOPERATIVE, INC.)",29
C11-0000314-LIC (Med For America Inc.),C10-0000494-LIC (MIRAMAR PROFESSIONAL SERVICES),2
C11-0000314-LIC (Med For America Inc.),C10-0000495-LIC (PATIENTS AGAINST PAIN INC.),9
C11-0000314-LIC (Med For America Inc.),"C10-0000496-LIC (HIGHLAND PARK PATIENT COLLECTIVE, INC.)",15
C11-0000314-LIC (Med For America Inc.),"C10-0000497-LIC (CHRONICPRACTOR CAREGIVER, INC.)",10
C11-0000314-LIC (Med For America Inc.),C10-0000500-LIC (STOCKTON BUSINESS STRATEGIES),23
C11-0000314-LIC (Med For America Inc.),C10-0000501-LIC (MSTMA Inc.),12
C11-0000314-LIC (Med For America Inc.),C10-0000506-LIC (ICANN LLC),15
C11-0000314-LIC (Med For America Inc.),"C10-0000507-LIC (CANNACRUZ, INC.)",1
C11-0000314-LIC (Med For America Inc.),C10-0000508-LIC (COMMUNITY HEALTH SOLUTIONS),14
C11-0000314-LIC (Med For America Inc.),"C10-0000510-LIC (MMD, INC.)",36
C11-0000314-LIC (Med For America Inc.),C10-0000513-LIC (THE NATURAL WAY OF LA),19
C11-0000314-LIC (Med For America Inc.),"C10-0000514-LIC (Captain Kirk Services, Inc.)",1
C11-0000314-LIC (Med For America Inc.),C10-0000517-LIC (HIGHER LEVEL OF CARE SEASIDE),1
C11-0000314-LIC (Med For America Inc.),"C10-0000518-LIC (NEW APOTHECARY, INC.)",28
C11-0000314-LIC (Med For America Inc.),C10-0000524-LIC (THERAPEUTIC HEALTH COLLECTIVE),1
C11-0000314-LIC (Med For America Inc.),"C10-0000526-LIC (HEALTHY HERBAL CARE, INC.)",16
C11-0000314-LIC (Med For America Inc.),C10-0000527-LIC (ACCESS BRYANT SPC),10
C11-0000314-LIC (Med For America Inc.),"C10-0000530-LIC (FAIRFAX ENTERPRISE, INC.)",44
C11-0000314-LIC (Med For America Inc.),C10-0000533-LIC (HI COLLECTIVE),19
C11-0000314-LIC (Med For America Inc.),C10-0000536-LIC (RDC COLLECTIVE CORP.),1
C11-0000314-LIC (Med For America Inc.),"C10-0000537-LIC (THE VAN NUYS GROUP, LLC)",1
C11-0000314-LIC (Med For America Inc.),"C10-0000540-LIC (CAL GREEN MEDICAL, LLC)",1
C11-0000314-LIC (Med For America Inc.),"C10-0000541-LIC (IMPERIAL GREENS RETAIL OUTLET, INC.)",32
C11-0000314-LIC (Med For America Inc.),"C10-0000542-LIC (SHATTER, LLC)",36
C11-0000314-LIC (Med For America Inc.),"C10-0000547-LIC (MONEX PLACE WELLNESS, INC)",44
C11-0000314-LIC (Med For America Inc.),"C10-0000548-LIC (WELCOME THE HEALING TOUCH, INC.)",6
C11-0000314-LIC (Med For America Inc.),"C10-0000549-LIC (HOLISTIC HEALING ALTERNATIVE, INC.)",39
C11-0000314-LIC (Med For America Inc.),C10-0000550-LIC (RED RHINO REMEDIES),6
C11-0000314-LIC (Med For America Inc.),"C10-0000552-LIC (SCZZ COLLECTIVE, INC.)",72
C11-0000314-LIC (Med For America Inc.),C10-0000554-LIC (RELEAF ALTERNATIVE COOPERATIVE INC),1
C11-0000314-LIC (Med For America Inc.),C10-0000555-LIC (DRGREENRX),24
C11-0000314-LIC (Med For America Inc.),"C10-0000556-LIC (THREE HABITAT CONSULTING LOMPOC, LLC)",1
C11-0000314-LIC (Med For America Inc.),"C10-0000559-LIC (CARE CALIFORNIA CONSULTATION, INC.)",5
C11-0000314-LIC (Med For America Inc.),"C10-0000560-LIC (VALLEY HOLISTIC CAREGIVERS, INC.)",1
C11-0000314-LIC (Med For America Inc.),C10-0000562-LIC (Simply Green Corporation),4
C11-0000314-LIC (Med For America Inc.),C10-0000562-LIC (SIMPLY GREEN CORPORATION),2
C11-0000314-LIC (Med For America Inc.),C10-0000563-LIC (VALLEY PURE FARMERSVILLE LLC),47
C11-0000314-LIC (Med For America Inc.),"C10-0000567-LIC (PURA VIDA TRES, INC.)",20
C11-0000314-LIC (Med For America Inc.),"C10-0000568-LIC (CALIFORNIA CITY SUPPLY, LLC)",38
C11-0000314-LIC (Med For America Inc.),"C10-0000571-LIC (LIZBOR, INC.)",18
C11-0000314-LIC (Med For America Inc.),"C10-0000572-LIC (MID CITY CANNABIS CLUB, INC.)",1
C11-0000314-LIC (Med For America Inc.),C10-0000574-LIC (GREENSTONE BIOMASS RESEARCH P.O.D),2
C11-0000314-LIC (Med For America Inc.),C10-0000576-LIC (THE HONEST CHOICE),5
C11-0000314-LIC (Med For America Inc.),"C10-0000577-LIC (Medallion Wellness, Inc)",31
C11-0000314-LIC (Med For America Inc.),"C10-0000578-LIC (A1, A CA Commercial Cannabis Association)",13
C11-0000314-LIC (Med For America Inc.),"C10-0000579-LIC (BLUNTS AND MOORE, LLC)",1
C11-0000314-LIC (Med For America Inc.),C10-0000583-LIC (CALEXICO DISTRIBUTION COMPANY LLC),2
C11-0000314-LIC (Med For America Inc.),C10-0000584-LIC (HAZY BULLDOG FARMS LLC),10
C11-0000314-LIC (Med For America Inc.),C10-0000585-LIC (HAZELWOOD PATIENTS COLLECTIVE),13
C11-0000314-LIC (Med For America Inc.),C10-0000589-LIC (REEFER MADNESS LLC),18
C11-0000314-LIC (Med For America Inc.),C10-0000592-LIC (HYPERION HEALING LLC),38
C11-0000314-LIC (Med For America Inc.),"C10-0000593-LIC (Holdings of Harvest CA, LLC)",47
C11-0000314-LIC (Med For America Inc.),"C10-0000594-LIC (Palm Royale Collective, Inc.)",36
C11-0000314-LIC (Med For America Inc.),C10-0000601-LIC (THREE HABITAT CONSULTING ATWATER LLC),8
C11-0000314-LIC (Med For America Inc.),"C10-0000602-LIC (Planet Buds, Inc.)",27
C11-0000314-LIC (Med For America Inc.),"C10-0000603-LIC (BUDS & ROSES COLLECTIVE, INC.)",1
C11-0000314-LIC (Med For America Inc.),C10-0000604-LIC (AFTER CARE PATIENT'S GROUP),12
C11-0000314-LIC (Med For America Inc.),"C10-0000606-LIC (JASON LILLY, LLC)",25
C11-0000314-LIC (Med For America Inc.),C10-0000608-LIC (TOKEN FARMS INC.),3
C11-0000314-LIC (Med For America Inc.),C10-0000611-LIC (ROCKSTAR CANNABIS CLUB INC.),23
C11-0000314-LIC (Med For America Inc.),"C10-0000614-LIC (OUTER SUNSET HOLDINGS, INC.)",13
C11-0000314-LIC (Med For America Inc.),C10-0000619-LIC (TIOGA GREEN LLC),4
C11-0000314-LIC (Med For America Inc.),"C10-0000620-LIC (BLUE FIRE, INC.)",1
C11-0000314-LIC (Med For America Inc.),"C10-0000622-LIC (HIGH GRADE RETAIL VENTURES, INC.)",1
C11-0000314-LIC (Med For America Inc.),"C10-0000625-LIC (LAHC, INC.)",38
C11-0000314-LIC (Med For America Inc.),"C10-0000628-LIC (THREE HABITAT CONSULTING MONTEREY, LLC)",8
C11-0000314-LIC (Med For America Inc.),C10-0000631-LIC (PS LOUNGE INC.),22
C11-0000314-LIC (Med For America Inc.),C10-0000636-LIC (HONEY OIL COLLECTIVE),41
C11-0000314-LIC (Med For America Inc.),C10-0000638-LIC (JONESA LLC),20
C11-0000314-LIC (Med For America Inc.),C10-0000640-LIC (SBA WELLNESS LLC),1
C11-0000314-LIC (Med For America Inc.),C10-0000643-LIC (The Artist Tree),1
C11-0000314-LIC (Med For America Inc.),C10-0000644-LIC (HUMANITY OF SANTA ROSA INC.),21
C11-0000314-LIC (Med For America Inc.),"C10-0000645-LIC (JOINT FORCES, LLC)",38
C11-0000314-LIC (Med For America Inc.),"C10-0000648-LIC (THREE HABITAT CONSULTING ANTIOCH, LLC)",5
C11-0000314-LIC (Med For America Inc.),C10-0000649-LIC (DELTA DISPENSARY INC),8
C11-0000314-LIC (Med For America Inc.),C10-0000649-LIC (DELTA DISPENSARY LLC),4
C11-0000314-LIC (Med For America Inc.),"C10-0000651-LIC (PSGC, INC.)",27
C11-0000314-LIC (Med For America Inc.),"C10-0000653-LIC (NMG SAN DIEGO, LLC)",45
C11-0000314-LIC (Med For America Inc.),C10-0000655-LIC (Infinity Assets Merced LLC),19
C11-0000314-LIC (Med For America Inc.),"C10-0000656-LIC (3011 SR AVE., INC.)",5
C11-0000314-LIC (Med For America Inc.),"C10-0000662-LIC (EMPIRE CONNECT, LLC)",20
C11-0000314-LIC (Med For America Inc.),"C10-0000665-LIC (VALLEY PURE LINDSAY, LLC)",41
C11-0000314-LIC (Med For America Inc.),"C10-0000666-LIC (VALLEY PURE LEMOORE, LLC)",46
C11-0000314-LIC (Med For America Inc.),C10-0000667-LIC (FIREFLY HEALTH CORPORATION),24
C11-0000314-LIC (Med For America Inc.),"C10-0000668-LIC (4TH STREET COLLECTIVE, INC.)",1
C11-0000314-LIC (Med For America Inc.),"C10-0000669-LIC (SAN DIEGROWN, INC.)",30
C11-0000314-LIC (Med For America Inc.),C10-0000671-LIC (GOODNESS 4 LIFE),1
C11-0000314-LIC (Med For America Inc.),"C10-0000673-LIC (OC COAST, INC.)",2
C11-0000314-LIC (Med For America Inc.),"C10-0000676-LIC (LCB RETAIL, INC.)",1
C11-0000314-LIC (Med For America Inc.),"C10-0000678-LIC (INTER-STAT, INC.)",1
C11-0000314-LIC (Med For America Inc.),C10-0000680-LIC (COASTAL WELLNESS),29
C11-0000314-LIC (Med For America Inc.),C10-0000681-LIC (SAN LEANDRO WELLNESS SOLUTIONS INC.),1
C11-0000314-LIC (Med For America Inc.),C10-0000682-LIC (SMV GROUP),27
C11-0000314-LIC (Med For America Inc.),"C10-0000683-LIC (CANNABIS EVALUATION CENTER, INC.)",31
C11-0000314-LIC (Med For America Inc.),"C10-0000685-LIC (ORGANIC CHOICE, A CA COMMERCIAL CANNABIS ASSOCIATION)",61
C11-0000314-LIC (Med For America Inc.),"C10-0000686-LIC (BOUTIQUE CULTIVATORS, A CA COMMERCIAL CANNABIS ASSOCIATION)",67
C11-0000314-LIC (Med For America Inc.),"C10-0000691-LIC (Empire Marijuana, LLC)",27
C11-0000314-LIC (Med For America Inc.),"C10-0000691-LIC (EMPIRE MARIJUANA, LLC)",1
C11-0000314-LIC (Med For America Inc.),C10-0000692-LIC (AMG DYNAMIC ENTERPRISES INC),1
C11-0000314-LIC (Med For America Inc.),"C10-0000697-LIC (FREEDOM 1ST ASSOCIATION, INC.)",38
C11-0000314-LIC (Med For America Inc.),C10-0000701-LIC (ASH'S FIRST LLC),29
C11-0000314-LIC (Med For America Inc.),"C10-0000712-LIC (HERBAL PAIN RELIEF CENTER, INC.)",33
C11-0000314-LIC (Med For America Inc.),"C10-0000714-LIC (I.E. GARDENS I, INC.)",23
C11-0000314-LIC (Med For America Inc.),"C10-0000716-LIC (DBO INVESTMENTS LB, LLC)",8
C11-0000314-LIC (Med For America Inc.),C10-0000717-LIC (Elemental Holistic Care Corp.),18
C11-0000314-LIC (Med For America Inc.),"C10-0000719-LIC (SEAWEED HOLISTICS, LLC)",29
C11-0000314-LIC (Med For America Inc.),"C10-0000724-LIC (GREEN CATALYST ENTERPRISES, INC.)",30
C11-0000314-LIC (Med For America Inc.),"C10-0000728-LIC (MOM SLO, LLC)",8
C11-0000314-LIC (Med For America Inc.),C10-0000729-LIC (AREA 29 LLC),49
C11-0000314-LIC (Med For America Inc.),"C10-0000730-LIC (BRYANT WELLNESS PARTNERS, INC)",5
C11-0000314-LIC (Med For America Inc.),"C10-0000732-LIC (NMG LONG BEACH, LLC)",54
C11-0000314-LIC (Med For America Inc.),"C10-0000733-LIC (Fire House Turlock, Inc.)",1
C11-0000314-LIC (Med For America Inc.),"C10-0000734-LIC (NHC LEMOORE, LLC)",44
C11-0000314-LIC (Med For America Inc.),C10-0000739-LIC (PURE ALOHA),22
C11-0000314-LIC (Med For America Inc.),C10-0000742-LIC (JIVA SBD LLC),26
C11-0000314-LIC (Med For America Inc.),C10-0000743-LIC (Hayward Station),21
C11-0000314-LIC (Med For America Inc.),"C10-0000746-LIC (VISTA PROPERTY HOLDINGS, LLC)",33
C11-0000314-LIC (Med For America Inc.),C10-0000751-LIC (TAHOE GREEN LLC),41
C11-0000314-LIC (Med For America Inc.),C10-0000754-LIC (E7 RIO DELL LLC),2
C11-0000314-LIC (Med For America Inc.),"C10-0000757-LIC (MISSION ORGANICS, A CA COMMERCIAL CANNABIS ASSOCIATION)",21
C11-0000314-LIC (Med For America Inc.),C10-0000758-LIC (C&C Wellness Center),2
C11-0000314-LIC (Med For America Inc.),C10-0000760-LIC (BLAZED UTOPIA LLC),49
C11-0000314-LIC (Med For America Inc.),"C10-0000761-LIC (Varda, Inc.)",3
C11-0000314-LIC (Med For America Inc.),"C10-0000763-LIC (7 STARS HOLISTIC FOUNDATION, INC.)",1
C11-0000314-LIC (Med For America Inc.),C10-0000765-LIC (HIGHER POINT CANNABIS),8
C11-0000314-LIC (Med For America Inc.),"C10-0000766-LIC (BLACK SUN MEDICINALS, INC.)",31
C11-0000314-LIC (Med For America Inc.),C10-0000767-LIC (HOLLAND PHARMS INC.),24
C11-0000314-LIC (Med For America Inc.),C10-0000769-LIC (RIVERSIDE COUNTY DISPENSARY AND DELIVERY INC),4
C11-0000314-LIC (Med For America Inc.),C10-0000771-LIC (HILLSIDE HOLISTIC),19
C11-0000314-LIC (Med For America Inc.),"C10-0000772-LIC (GREEN SQUARE, INC.)",2
C11-0000314-LIC (Med For America Inc.),"C10-0000773-LIC (Royalbis, LLC)",5
C11-0000314-LIC (Med For America Inc.),"C10-0000778-LIC (CITY HEIGHTS GREENS, INC.)",21
C11-0000314-LIC (Med For America Inc.),"C10-0000779-LIC (HARVEST CORNER, LLC)",35
C11-0000314-LIC (Med For America Inc.),C10-0000782-LIC (DRO LEGACY INC),1
C11-0000314-LIC (Med For America Inc.),"C10-0000783-LIC (J STREET SOLUTIONS, LLC)",38
C11-0000314-LIC (Med For America Inc.),C10-0000785-LIC (SUNSET BUSINESS SOLUTIONS INCORPORATED),5
C11-0000314-LIC (Med For America Inc.),"C10-0000787-LIC (Integral Associates Dena, LLC)",1
C11-0000314-LIC (Med For America Inc.),"C10-0000790-LIC (PCH RETAIL PARTNER II, LLC)",21
C11-0000314-LIC (Med For America Inc.),"C10-0000795-LIC (R&B DISPENSARY, INC.)",5
C11-0000314-LIC (Med For America Inc.),"C10-0000797-LIC (NHC-MB, LLC)",19
C11-0000314-LIC (Med For America Inc.),C10-0000800-LIC (HANFORD ERUDITE),3
C11-0000314-LIC (Med For America Inc.),C10-0000808-LIC (North Hills Society LLC),6
C11-0000314-LIC (Med For America Inc.),C10-0000813-LIC (THREE HABITAT CONSULTING STORKE LLC),1
C11-0000314-LIC (Med For America Inc.),"C10-0000815-LIC (SANTA ANA VENTURES, INC.)",4
C11-0000314-LIC (Med For America Inc.),"C10-0000819-LIC (REVO GROUP, LLC)",2
C11-0000314-LIC (Med For America Inc.),"C10-0000822-LIC (LOMPOC GREEN, INC.)",3
C11-0000314-LIC (Med For America Inc.),"C10-0000828-LIC (314 La Brea, LLC)",3
C11-0000314-LIC (Med For America Inc.),C10-0000846-LIC (ECWC PARTNERS INC),2
C11-0000314-LIC (Med For America Inc.),"C11-0000067-LIC (SAN JAC MANAGEMENT, LLC)",1
C11-0000314-LIC (Med For America Inc.),"C11-0000100-LIC (NORTH HOLLYWOOD COMPASSIONATE CAREGIVERS, INC.)",30
C11-0000314-LIC (Med For America Inc.),C11-0000130-LIC (KUSHCO DISTRIBUTION INC.),9
C11-0000314-LIC (Med For America Inc.),"C11-0000179-LIC (NORTHRIDGE CAREGIVERS CO-OP, INC.)",18
C11-0000314-LIC (Med For America Inc.),C11-0000213-LIC (WONDERLAND OASIS INC),38
C11-0000314-LIC (Med For America Inc.),C11-0000265-LIC (Crown Genetics LLC),3
C11-0000314-LIC (Med For America Inc.),C11-0000308-LIC (CMCD CONSULTING LLC),1
C11-0000314-LIC (Med For America Inc.),"C11-0000353-LIC (PACAFI, INC)",257
C11-0000314-LIC (Med For America Inc.),C11-0000394-LIC (Pacific West Distributors),1
C11-0000314-LIC (Med For America Inc.),"C11-0000442-LIC (WILD WEST INDUSTRIES, INC.)",42
C11-0000314-LIC (Med For America Inc.),"C11-0000571-LIC (THE LITTLE COTTAGE CAREGIVERS, LLC)",2
C11-0000314-LIC (Med For America Inc.),C11-0000612-LIC (JAYNE HEALTH LLC),23
C11-0000314-LIC (Med For America Inc.),C11-0000635-LIC (ADVANCED PATIENTS COLLECTIVE),2
C11-0000314-LIC (Med For America Inc.),"C11-0000672-LIC (HOLISTIC PAIN RELIEF, LLC)",14
C11-0000314-LIC (Med For America Inc.),"C11-0000678-LIC (ULBP, Inc.)",34
C11-0000314-LIC (Med For America Inc.),"C11-0000714-LIC (GRIZZLY PEAK FARMS, LLC)",1
C11-0000314-LIC (Med For America Inc.),C11-0000721-LIC (RDC COLLECTIVE CORP.),66
C11-0000314-LIC (Med For America Inc.),C11-0000807-LIC (MOVOCAN),9
C11-0000314-LIC (Med For America Inc.),C11-0000814-LIC (AARDVARKS TRADING POST),8
C11-0000314-LIC (Med For America Inc.),"C11-0000855-LIC (GHC VENTURES, LLC)",4
C11-0000314-LIC (Med For America Inc.),C11-0000904-LIC (BLUE TREE MEDICAL),6
C11-0000314-LIC (Med For America Inc.),"C11-0000904-LIC (BLUE TREE MEDICAL, LLC)",3
C11-0000314-LIC (Med For America Inc.),"C11-0000922-LIC (NC4 SYSTEMS, INC.)",3
C11-0000314-LIC (Med For America Inc.),C11-0000924-LIC (HIGHER PURPOSE DISTRIBUTION LLC),23
C11-0000314-LIC (Med For America Inc.),"C11-0000955-LIC (Summit Manufacturing, LLC)",23
C11-0000314-LIC (Med For America Inc.),"C11-0000968-LIC (NATURE'S NATURAL CARE, INC.)",2
C11-0000314-LIC (Med For America Inc.),C11-0001011-LIC (OGC SYSTEMS INC),59
C11-0000314-LIC (Med For America Inc.),C11-0001016-LIC (WALNUT LLC),2
C11-0000314-LIC (Med For America Inc.),"C11-0001071-LIC (KDM HOLDINGS, LLC)",231
C11-0000314-LIC (Med For America Inc.),"C11-0001076-LIC (URBAN BUDS, LLC)",6
C11-0000314-LIC (Med For America Inc.),C11-0001107-LIC (MDS BUSINESS SERVICES LLC),16
C11-0000314-LIC (Med For America Inc.),"C11-0001162-LIC (THREE GREENS COLLECTIVE, LLC.)",15
C11-0000314-LIC (Med For America Inc.),C11-0001231-LIC (BLOOM NETWORK),5
C11-0000314-LIC (Med For America Inc.),"C12-0000002-LIC (TAHOE WELLNESS CENTER, INC.)",10
C11-0000314-LIC (Med For America Inc.),C12-0000009-LIC (HOLISTIC ALTERNATIVE INC. #57/D),16
C11-0000314-LIC (Med For America Inc.),C12-0000010-LIC (UNITED HEALTH & CARE CENTER),13
C11-0000314-LIC (Med For America Inc.),C12-0000017-LIC (CHRONIC PAIN RELEAF CENTER),7
C11-0000314-LIC (Med For America Inc.),"C12-0000017-LIC (CHRONIC PAIN RELEAF CENTER, A CALIFORNIA NON-PROFIT MUTUAL BENEFIT CORPORATION)",7
C11-0000314-LIC (Med For America Inc.),"C12-0000039-LIC (VALLEY HERBAL HEALING CENTER, INC.)",13
C11-0000314-LIC (Med For America Inc.),C12-0000040-LIC (IGUANA COLLECTIVE),6
C11-0000314-LIC (Med For America Inc.),C12-0000049-LIC (CORNERSTONE HEALTH AND WELLNESS),17
C11-0000314-LIC (Med For America Inc.),"C12-0000055-LIC (SUN VALLEY CAREGIVERS, INC.)",57
C11-0000314-LIC (Med For America Inc.),"C12-0000060-LIC (THE LOS ANGELES INDUSTRY, INC.)",32
C11-0000314-LIC (Med For America Inc.),"C12-0000064-LIC (WEST VALLEY PATIENTS CENTER, INC.)",32
C11-0000314-LIC (Med For America Inc.),C12-0000080-LIC (ZEN MEDICAL GARDEN CORPORATION),34
C11-0000314-LIC (Med For America Inc.),"C12-0000081-LIC (GREEN CROSS PHARMA, INC.)",5
C11-0000314-LIC (Med For America Inc.),C12-0000087-LIC (California's Choice Collective),13
C11-0000314-LIC (Med For America Inc.),"C12-0000087-LIC (CALIFORNIA'S CHOICE COLLECTIVE, INC.)",2
C11-0000314-LIC (Med For America Inc.),C12-0000091-LIC (DOWNWIND 27 INC.),4
C11-0000314-LIC (Med For America Inc.),"C12-0000091-LIC (DOWNWIND 27, INC.)",11
C11-0000314-LIC (Med For America Inc.),C12-0000092-LIC (DADDYâ€™S PIPES INC),7
C11-0000314-LIC (Med For America Inc.),C12-0000097-LIC (MMR CENTER INC),38
C11-0000314-LIC (Med For America Inc.),C12-0000106-LIC (COMPASSION UNION INC.),5
C11-0000314-LIC (Med For America Inc.),"C12-0000106-LIC (COMPASSION UNION, INC.)",20
C11-0000314-LIC (Med For America Inc.),C12-0000107-LIC (AMENTA SYSTEMS RESEARCH AND DEVELOPMENT LLC),1
C11-0000314-LIC (Med For America Inc.),C12-0000119-LIC (Palm Desert Melanie Place Industrial LLC),33
C11-0000314-LIC (Med For America Inc.),"C12-0000120-LIC (PLATINUM CLUB, INC.)",31
C11-0000314-LIC (Med For America Inc.),"C12-0000132-LIC (ABYZ, LLC)",1
C11-0000314-LIC (Med For America Inc.),C12-0000136-LIC (SANTA BARBARA CARE CENTER),3
C11-0000314-LIC (Med For America Inc.),"C12-0000138-LIC (LUCRUM ENTERPRISES, INC.)",3
C11-0000314-LIC (Med For America Inc.),C12-0000146-LIC (CALVIN FRYE),23
C11-0000314-LIC (Med For America Inc.),C12-0000164-LIC (SOUTHWEST CAREGIVERS INC.),30
C11-0000314-LIC (Med For America Inc.),"C12-0000167-LIC (CAPS APOTHECARY, INC.)",26
C11-0000314-LIC (Med For America Inc.),C12-0000185-LIC (SONOMA CHO),1
C11-0000314-LIC (Med For America Inc.),C12-0000204-LIC (Desert's Finest),22
C11-0000314-LIC (Med For America Inc.),"C12-0000216-LIC (Caliva CAMISJ2, Inc)",11
C11-0000314-LIC (Med For America Inc.),C12-0000218-LIC (DESERT HOT SPRINGS WELLNESS SERVICES),1
C11-0000314-LIC (Med For America Inc.),C12-0000218-LIC (null null),1
C11-0000314-LIC (Med For America Inc.),"C12-0000218-LIC (THE MICRO BUDDERY, INC.)",28
C11-0000314-LIC (Med For America Inc.),"C12-0000219-LIC (BTD, INC.)",13
C11-0000314-LIC (Med For America Inc.),"C12-0000223-LIC (RED MOON, INC.)",28
C11-0000314-LIC (Med For America Inc.),C12-0000224-LIC (HOTN CLUB),23
C11-0000314-LIC (Med For America Inc.),C12-0000233-LIC (MAYWOOD L' CHAIM),8
C11-0000314-LIC (Med For America Inc.),"C12-0000237-LIC (BW MACAW GROUP, INC.)",1
C11-0000314-LIC (Med For America Inc.),"C12-0000238-LIC (SINSEMILLA INDO GROUP, INC.)",22
C11-0000314-LIC (Med For America Inc.),"C12-0000243-LIC (GREEN DRAGON CAREGIVERS, INC.)",60
C11-0000314-LIC (Med For America Inc.),"C12-0000246-LIC (The Reefinery, Inc.)",16
C11-0000314-LIC (Med For America Inc.),C12-0000247-LIC (PROGRESSIVE HORIZON INC),28
C11-0000314-LIC (Med For America Inc.),"C12-0000250-LIC (HERBAL RELIEF CAREGIVERS, INC)",35
C11-0000314-LIC (Med For America Inc.),C12-0000259-LIC (HERBAL SOLUTIONS PRE ICO),17
C11-0000314-LIC (Med For America Inc.),"C12-0000260-LIC (COACHELLA SC, LLC)",60
C11-0000314-LIC (Med For America Inc.),"C12-0000266-LIC (WESTSIDE CAREGIVERS CLUB, INC.)",1
C11-0000314-LIC (Med For America Inc.),C12-0000271-LIC (CANNACO RESEARCH CORP.),18
C11-0000314-LIC (Med For America Inc.),C12-0000271-LIC (CANNACO RESEARCH CORPORATION),29
C11-0000314-LIC (Med For America Inc.),C12-0000279-LIC (CONTRA COSTA FARMS LLC),1
C11-0000314-LIC (Med For America Inc.),C12-0000290-LIC (SOUTHERN CALIFORNIA ORGANIC TREATMENT),4
C11-0000314-LIC (Med For America Inc.),"C12-0000301-LIC (PANACEA FARMS MV, LLC)",1
C11-0000314-LIC (Med For America Inc.),C12-0000311-LIC (KIND GROUP VENTURES LLC),29
C11-0000314-LIC (Med For America Inc.),C12-0000332-LIC (2018HMPF LLC),11
C11-0000314-LIC (Med For America Inc.),C12-0000334-LIC (CHAD Enterprises LLC),10
C11-0000314-LIC (Med For America Inc.),"C12-0000337-LIC (Moval Marijuana, LLC)",21
C11-0000314-LIC (Med For America Inc.),C12-0000342-LIC (PRETTY CANNABIS CO),1
C11-0000314-LIC (Med For America Inc.),"C8-0000016-LIC (LANDAU LABORATORIES, INC.)",170
C11-0000314-LIC (Med For America Inc.),C8-0000024-LIC (NIVA LABS LLC),10
C11-0000314-LIC (Med For America Inc.),"C8-0000037-LIC (EARTH LABS, LLC)",1
C11-0000314-LIC (Med For America Inc.),"C9-0000002-LIC (VALLEY GREEN RUSH, INC.)",2
C11-0000314-LIC (Med For America Inc.),C9-0000015-LIC (GJ COMPANY LLC),3
C11-0000314-LIC (Med For America Inc.),C9-0000016-LIC (DUBS GREEN GARDEN),2
C11-0000314-LIC (Med For America Inc.),"C9-0000025-LIC (Ivy Alley, LLC)",1
C11-0000314-LIC (Med For America Inc.),C9-0000033-LIC (NATURAL PLANT EXTRACT OF CALIFORNIA),3
C11-0000314-LIC (Med For America Inc.),C9-0000036-LIC (HERBIN COLLECTIVE OAKLAND),8
C11-0000314-LIC (Med For America Inc.),C9-0000059-LIC (BAY CARE DELIVERY COOPERATIVE INC),22
C11-0000314-LIC (Med For America Inc.),"C9-0000083-LIC (NORCAL DELIVERY SOLUTIONS, LLC)",5
C11-0000314-LIC (Med For America Inc.),C9-0000090-LIC (MIDNA INC),10
C11-0000314-LIC (Med For America Inc.),"C9-0000094-LIC (URBAN BUDS, LLC)",2
C11-0000314-LIC (Med For America Inc.),"C9-0000095-LIC (PENINSULA DELIVERY SOLUTIONS, LLC)",7
C11-0000314-LIC (Med For America Inc.),C9-0000099-LIC (GREEN SCORPION ORGANICS COMPANY),6
C11-0000314-LIC (Med For America Inc.),C9-0000102-LIC (CANNABLE LLC),27
C11-0000314-LIC (Med For America Inc.),"C9-0000103-LIC (MAGNOLIA EXTRACTS, LLC)",6
C11-0000314-LIC (Med For America Inc.),"C9-0000128-LIC (GE UNITED TECHNOLOGIES, LLC)",18
C11-0000314-LIC (Med For America Inc.),C9-0000199-LIC (SF BAY DOJO LLC),4
C11-0000314-LIC (Med For America Inc.),"C9-0000204-LIC (WHOLESOME DELIVERY, INC.)",10
C11-0000314-LIC (Med For America Inc.),C9-0000241-LIC (IRIE CARE LLC),14
C11-0000314-LIC (Med For America Inc.),"C9-0000245-LIC (THE SOURCE SLO, INC.)",10
C11-0000314-LIC (Med For America Inc.),C9-0000263-LIC (NCC BRISBANE LLC),5
C11-0000314-LIC (Med For America Inc.),C9-0000276-LIC (GILBERT STREET UNIT 2 LLC),1
C11-0000314-LIC (Med For America Inc.),C9-0000293-LIC (GENCAN),5
C11-0000314-LIC (Med For America Inc.),C9-0000297-LIC (NORTHERN ERUDITE VENTURES),1
C11-0000314-LIC (Med For America Inc.),C9-0000300-LIC (MedLeaf LLC),3
C11-0000314-LIC (Med For America Inc.),"C9-0000304-LIC (COASTAL DELIVERY SLO, LLC)",1
C11-0000314-LIC (Med For America Inc.),C9-0000323-LIC (MAKE YOUR MARK SF INC),6
C11-0000314-LIC (Med For America Inc.),"C9-0000348-LIC (CALIMED MANAGEMENT GROUP, LLC)",12
C11-0000314-LIC (Med For America Inc.),"C9-0000380-LIC (GRASSHOPPER DELIVERY, LLC)",13
C11-0000314-LIC (Med For America Inc.),C9-0000384-LIC (OPTIMAL BUSINESS VENTURES LLC),4
C11-0000314-LIC (Med For America Inc.),"C9-0000402-LIC (GE UNITED TECHNOLOGIES II, INC.)",3
C11-0000314-LIC (Med For America Inc.),"C9-0000413-LIC (Lynwood Roads Delivery, LLC)",4
C11-0000314-LIC (Med For America Inc.),C9-0000417-LIC (GREEN SCORPION ORGANICS COMPANY),4
C11-0000314-LIC (Med For America Inc.),"C9-0000426-LIC (PCH RETAIL PARTNERS III, LLC)",2
C11-0000314-LIC (Med For America Inc.),"CCL18-0001154 (CP1 Supply Systems, Inc)",3
C11-0000314-LIC (Med For America Inc.),"CDPH-10001886 (BPX, LLC)",1
C11-0000314-LIC (Med For America Inc.),"CDPH-10003525 (Med For America, Inc.)",24
"C11-0000425-LIC (GREENLEAF PROCESSORS, INC.)","C10-0000007-LIC (BLUE MOUNTAIN COLLECTIVE, INC.)",1
"C11-0000425-LIC (GREENLEAF PROCESSORS, INC.)",C10-0000009-LIC (HORIZON NONPROFIT COLLECTIVE),5
"C11-0000425-LIC (GREENLEAF PROCESSORS, INC.)","C10-0000010-LIC (ALTERNATIVES, A HEALTH COLLECTIVE)",7
"C11-0000425-LIC (GREENLEAF PROCESSORS, INC.)",C10-0000012-LIC (US BLOOM Inc.),1
"C11-0000425-LIC (GREENLEAF PROCESSORS, INC.)",C10-0000017-LIC (NORTHEASTERN MANAGEMENT INC),1
"C11-0000425-LIC (GREENLEAF PROCESSORS, INC.)","C10-0000021-LIC (DELTA HEALTH & WELLNESS, INC.)",1
"C11-0000425-LIC (GREENLEAF PROCESSORS, INC.)","C10-0000022-LIC (CALI KOSHER, INC)",1
"C11-0000425-LIC (GREENLEAF PROCESSORS, INC.)",C10-0000036-LIC (SUNDIAL COLLECTIVE),1
"C11-0000425-LIC (GREENLEAF PROCESSORS, INC.)",C10-0000149-LIC (HIGHER LEVEL OF CARE),2
"C11-0000425-LIC (GREENLEAF PROCESSORS, INC.)","C10-0000153-LIC (G.S.H.L.E., INC.)",1
"C11-0000425-LIC (GREENLEAF PROCESSORS, INC.)","C10-0000172-LIC (CALWAVE ENTERPRISES, INC.)",1
"C11-0000425-LIC (GREENLEAF PROCESSORS, INC.)",C10-0000186-LIC (Alpine Alternative Naturopathic),6
"C11-0000425-LIC (GREENLEAF PROCESSORS, INC.)",C10-0000188-LIC (GOLDEN HEALTH & WELLNESS),12
"C11-0000425-LIC (GREENLEAF PROCESSORS, INC.)",C10-0000261-LIC (VHHC LLC),7
"C11-0000425-LIC (GREENLEAF PROCESSORS, INC.)",C10-0000263-LIC (SEPTEM COMA INC.),9
"C11-0000425-LIC (GREENLEAF PROCESSORS, INC.)",C10-0000266-LIC (KIND FARMA),9
"C11-0000425-LIC (GREENLEAF PROCESSORS, INC.)",C10-0000284-LIC (PORT CITY ALTERNATIVE OF STOCKTON INC.),4
"C11-0000425-LIC (GREENLEAF PROCESSORS, INC.)",C10-0000289-LIC (CURBSTONE EXCHANGE LLC),2
"C11-0000425-LIC (GREENLEAF PROCESSORS, INC.)",C10-0000291-LIC (ALTERNATIVE MEDICAL CENTER),1
"C11-0000425-LIC (GREENLEAF PROCESSORS, INC.)","C10-0000317-LIC (VALLEY HEALTH OPTIONS COLLECTIVE, INC.)",6
"C11-0000425-LIC (GREENLEAF PROCESSORS, INC.)",C10-0000325-LIC (CHAI CANNABIS CO),3
"C11-0000425-LIC (GREENLEAF PROCESSORS, INC.)",C10-0000327-LIC (Green Bean Pharm LLC),1
"C11-0000425-LIC (GREENLEAF PROCESSORS, INC.)",C10-0000349-LIC (SAFE ACCESSIBLE SOLUTIONS),1
"C11-0000425-LIC (GREENLEAF PROCESSORS, INC.)",C10-0000351-LIC (SACRAMENTO COMMERCIAL SERVICES),10
"C11-0000425-LIC (GREENLEAF PROCESSORS, INC.)",C10-0000366-LIC (MERCED BUSINESS VENTURES),2
"C11-0000425-LIC (GREENLEAF PROCESSORS, INC.)","C10-0000375-LIC (GREEN GOLD CULTIVATORS, INC.)",1
"C11-0000425-LIC (GREENLEAF PROCESSORS, INC.)","C10-0000377-LIC (HILLTOP COMMUNITY PARTNERS, LLC)",1
"C11-0000425-LIC (GREENLEAF PROCESSORS, INC.)",C10-0000435-LIC (SAN JOSE WELLNESS),2
"C11-0000425-LIC (GREENLEAF PROCESSORS, INC.)",C10-0000463-LIC (PATIENTS MUTUAL ASSISTANCE COLLECTIVE CORPORATION),4
"C11-0000425-LIC (GREENLEAF PROCESSORS, INC.)",C10-0000467-LIC (GREEN DOOR REDDING LLC),7
"C11-0000425-LIC (GREENLEAF PROCESSORS, INC.)",C10-0000475-LIC (EVR MANAGERS LLC),4
"C11-0000425-LIC (GREENLEAF PROCESSORS, INC.)","C10-0000479-LIC (DSWC, INC.)",1
"C11-0000425-LIC (GREENLEAF PROCESSORS, INC.)","C10-0000493-LIC (The Boulevard and Company, Inc.)",2
"C11-0000425-LIC (GREENLEAF PROCESSORS, INC.)",C10-0000508-LIC (COMMUNITY HEALTH SOLUTIONS),1
"C11-0000425-LIC (GREENLEAF PROCESSORS, INC.)",C10-0000527-LIC (ACCESS BRYANT SPC),1
"C11-0000425-LIC (GREENLEAF PROCESSORS, INC.)","C10-0000534-LIC (DAVISVILLE BUSINESS ENTERPRISES, INC.)",1
"C11-0000425-LIC (GREENLEAF PROCESSORS, INC.)",C10-0000539-LIC (SEVENTY SECOND STREET),1
"C11-0000425-LIC (GREENLEAF PROCESSORS, INC.)",C10-0000574-LIC (GREENSTONE BIOMASS RESEARCH P.O.D),3
"C11-0000425-LIC (GREENLEAF PROCESSORS, INC.)","C10-0000579-LIC (BLUNTS AND MOORE, LLC)",1
"C11-0000425-LIC (GREENLEAF PROCESSORS, INC.)",C10-0000601-LIC (THREE HABITAT CONSULTING ATWATER LLC),1
"C11-0000425-LIC (GREENLEAF PROCESSORS, INC.)",C10-0000608-LIC (TOKEN FARMS INC.),1
"C11-0000425-LIC (GREENLEAF PROCESSORS, INC.)","C10-0000628-LIC (THREE HABITAT CONSULTING MONTEREY, LLC)",2
"C11-0000425-LIC (GREENLEAF PROCESSORS, INC.)","C10-0000648-LIC (THREE HABITAT CONSULTING ANTIOCH, LLC)",1
"C11-0000425-LIC (GREENLEAF PROCESSORS, INC.)",C10-0000655-LIC (Infinity Assets Merced LLC),3
"C11-0000425-LIC (GREENLEAF PROCESSORS, INC.)","C10-0000672-LIC (Eagle Eye, LLC)",10
"C11-0000425-LIC (GREENLEAF PROCESSORS, INC.)",C10-0000674-LIC (MEDALLION WELLNESS INC.),1
"C11-0000425-LIC (GREENLEAF PROCESSORS, INC.)","C10-0000678-LIC (INTER-STAT, INC.)",3
"C11-0000425-LIC (GREENLEAF PROCESSORS, INC.)",C10-0000695-LIC (EMBARC TAHOE LLC),1
"C11-0000425-LIC (GREENLEAF PROCESSORS, INC.)","C10-0000715-LIC (FIREBREAK ASSOCIATES, INC.)",1
"C11-0000425-LIC (GREENLEAF PROCESSORS, INC.)",C10-0000743-LIC (Hayward Station),4
"C11-0000425-LIC (GREENLEAF PROCESSORS, INC.)",C10-0000744-LIC (415 Native LLC),1
"C11-0000425-LIC (GREENLEAF PROCESSORS, INC.)",C10-0000751-LIC (TAHOE GREEN LLC),8
"C11-0000425-LIC (GREENLEAF PROCESSORS, INC.)",C10-0000774-LIC (ALAMEDA PATIENTS GROUP LLC),1
"C11-0000425-LIC (GREENLEAF PROCESSORS, INC.)","C10-0000784-LIC (SAFE ACCESSIBLE SOLUTIONS, INC.)",2
"C11-0000425-LIC (GREENLEAF PROCESSORS, INC.)","C10-0000804-LIC (CANNADEL, INC.)",1
"C11-0000425-LIC (GREENLEAF PROCESSORS, INC.)","C11-0000074-LIC (HERBAL REMEDIES CAREGIVERS, INC.)",9
"C11-0000425-LIC (GREENLEAF PROCESSORS, INC.)","C11-0000524-LIC (NATURAL CANNABIS COMPANY, LLC)",1
"C11-0000425-LIC (GREENLEAF PROCESSORS, INC.)","C11-0000736-LIC (CANNACRUZ, LLC)",8
"C11-0000425-LIC (GREENLEAF PROCESSORS, INC.)",C11-0001053-LIC (LBS DISTRIBUTION),4
"C11-0000425-LIC (GREENLEAF PROCESSORS, INC.)",C11-0001335-LIC (Davisville Business Enterprises Inc.),1
"C11-0000425-LIC (GREENLEAF PROCESSORS, INC.)","C12-0000002-LIC (TAHOE WELLNESS CENTER, INC.)",8
"C11-0000425-LIC (GREENLEAF PROCESSORS, INC.)",C12-0000044-LIC (SACRAMENTO CONFIDENTIAL DELIVERY INC.),7
"C11-0000425-LIC (GREENLEAF PROCESSORS, INC.)",C12-0000175-LIC (CONNECTED TRANSPORTATION PARTNERS INC.),1
"C11-0000425-LIC (GREENLEAF PROCESSORS, INC.)","C9-0000013-LIC (NORCAL HOLISTICS, INC.)",3
"C11-0000425-LIC (GREENLEAF PROCESSORS, INC.)",C9-0000021-LIC (KRIS WONG),1
"C11-0000425-LIC (GREENLEAF PROCESSORS, INC.)",C9-0000084-LIC (GREEN GOLD INVESTMENT CORPORATION),1
"C11-0000425-LIC (GREENLEAF PROCESSORS, INC.)",C9-0000090-LIC (MIDNA INC),1
"C11-0000425-LIC (GREENLEAF PROCESSORS, INC.)",C9-0000186-LIC (NXTLVL INC.),1
"C11-0000425-LIC (GREENLEAF PROCESSORS, INC.)",C9-0000222-LIC (H.E. COMMUNITY COLLECTIVE),4
"C11-0000425-LIC (GREENLEAF PROCESSORS, INC.)",C9-0000241-LIC (IRIE CARE LLC),1
"C11-0000425-LIC (GREENLEAF PROCESSORS, INC.)",C9-0000263-LIC (NCC BRISBANE LLC),1
"C11-0000425-LIC (GREENLEAF PROCESSORS, INC.)",C9-0000266-LIC (FADE'D DELIVERY),1
"C11-0000425-LIC (GREENLEAF PROCESSORS, INC.)",C9-0000286-LIC (Indigo Dye Group Corp),2
"C11-0000425-LIC (GREENLEAF PROCESSORS, INC.)","C9-0000312-LIC (GOLDLEAF GROUP, INC)",2
"C11-0000425-LIC (GREENLEAF PROCESSORS, INC.)",C9-0000330-LIC (J.M. CHENG L.L.C.),1
"C11-0000425-LIC (GREENLEAF PROCESSORS, INC.)",C9-0000341-LIC (HUMBLCANN INC),1
"C11-0000425-LIC (GREENLEAF PROCESSORS, INC.)",C9-0000350-LIC (NORTHERN ERUDITE VENTURES),1
"C11-0000425-LIC (GREENLEAF PROCESSORS, INC.)","C9-0000372-LIC (TRW UNLIMITED, INC.)",1
"C11-0000425-LIC (GREENLEAF PROCESSORS, INC.)",C9-0000392-LIC (TOP SHELF),3
"C11-0000425-LIC (GREENLEAF PROCESSORS, INC.)","CCL19-0005288 (Greenleaf Processors, Inc.)",1
"C11-0000425-LIC (GREENLEAF PROCESSORS, INC.)","CDPH-10002016 (Greenleaf Processors, Inc.)",2
C11-0000834-LIC (KORBEN LABS LLC),"C10-0000005-LIC (DPC SF, LLC)",7
C11-0000834-LIC (KORBEN LABS LLC),"C10-0000010-LIC (ALTERNATIVES, A HEALTH COLLECTIVE)",14
C11-0000834-LIC (KORBEN LABS LLC),C10-0000013-LIC (PAULA DEETER),11
C11-0000834-LIC (KORBEN LABS LLC),C10-0000014-LIC (HAH COALINGA LLC),2
C11-0000834-LIC (KORBEN LABS LLC),C10-0000019-LIC (A.T.A.C.H.S. INC.),21
C11-0000834-LIC (KORBEN LABS LLC),"C10-0000021-LIC (DELTA HEALTH & WELLNESS, INC.)",14
C11-0000834-LIC (KORBEN LABS LLC),C10-0000025-LIC (ACCENSUS GROUP LLC),4
C11-0000834-LIC (KORBEN LABS LLC),C10-0000036-LIC (SUNDIAL COLLECTIVE),6
C11-0000834-LIC (KORBEN LABS LLC),C10-0000088-LIC (HONEYDEW SOLUTIONS CORP),11
C11-0000834-LIC (KORBEN LABS LLC),C10-0000097-LIC (BI SUPPORTIVE SERVICES LLC),3
C11-0000834-LIC (KORBEN LABS LLC),C10-0000111-LIC (C.C.R.C. INC.),26
C11-0000834-LIC (KORBEN LABS LLC),C10-0000114-LIC (530 COLLECTIVE),6
C11-0000834-LIC (KORBEN LABS LLC),"C10-0000138-LIC (ELEVATION 2477, LLC)",2
C11-0000834-LIC (KORBEN LABS LLC),C10-0000148-LIC (CALIFORNIA GROWN),2
C11-0000834-LIC (KORBEN LABS LLC),C10-0000149-LIC (HIGHER LEVEL OF CARE),1
C11-0000834-LIC (KORBEN LABS LLC),"C10-0000151-LIC (HEALTHY HEALING HOLISTIC OPTIONS, INC)",1
C11-0000834-LIC (KORBEN LABS LLC),"C10-0000153-LIC (G.S.H.L.E., INC.)",6
C11-0000834-LIC (KORBEN LABS LLC),"C10-0000154-LIC (ROSEVILLE GOLD, INC.)",5
C11-0000834-LIC (KORBEN LABS LLC),C10-0000164-LIC (Mercy Wellness of Cotati),11
C11-0000834-LIC (KORBEN LABS LLC),"C10-0000174-LIC (SUSTAINABLE THERAPEUTICS COMPANY, INC.)",1
C11-0000834-LIC (KORBEN LABS LLC),"C10-0000185-LIC (HOLISTIC HEALING COLLECTIVE, INC.)",1
C11-0000834-LIC (KORBEN LABS LLC),C10-0000193-LIC (LIFE ENHANCEMENT SERVICES),2
C11-0000834-LIC (KORBEN LABS LLC),C10-0000193-LIC (LIFE ENHANCEMENT SERVICES INC.),4
C11-0000834-LIC (KORBEN LABS LLC),C10-0000199-LIC (RIVER CITY PHOENIX),20
C11-0000834-LIC (KORBEN LABS LLC),"C10-0000202-LIC (HARVEST ON GEARY, INC.)",6
C11-0000834-LIC (KORBEN LABS LLC),C10-0000204-LIC (F.F.A. INC.),5
C11-0000834-LIC (KORBEN LABS LLC),"C10-0000205-LIC (GOOD LIVING MGMT II, INC.)",4
C11-0000834-LIC (KORBEN LABS LLC),"C10-0000212-LIC (PEOPLE'S FIRST CHOICE, LLC)",1
C11-0000834-LIC (KORBEN LABS LLC),C10-0000235-LIC (NORTH COAST WELLBEING),8
C11-0000834-LIC (KORBEN LABS LLC),"C10-0000241-LIC (VMK, INC.)",1
C11-0000834-LIC (KORBEN LABS LLC),"C10-0000249-LIC (M.E.H.C., INCORPORATED)",9
C11-0000834-LIC (KORBEN LABS LLC),C10-0000254-LIC (HUGS ALTERNATIVE CARE),18
C11-0000834-LIC (KORBEN LABS LLC),"C10-0000255-LIC (NTZ, INC.)",4
C11-0000834-LIC (KORBEN LABS LLC),"C10-0000256-LIC (BETTER HEALTH GROUP, INC.)",3
C11-0000834-LIC (KORBEN LABS LLC),C10-0000261-LIC (VHHC LLC),7
C11-0000834-LIC (KORBEN LABS LLC),C10-0000271-LIC (SUNSHINE HOLISTIC),8
C11-0000834-LIC (KORBEN LABS LLC),C10-0000280-LIC (ALEXANDER VALLEY ORGANICS INC.),19
C11-0000834-LIC (KORBEN LABS LLC),C10-0000281-LIC (KETAMA COOPERATIVE),2
C11-0000834-LIC (KORBEN LABS LLC),"C10-0000285-LIC (SONOMA PATIENT GROUP, INC.)",9
C11-0000834-LIC (KORBEN LABS LLC),C10-0000289-LIC (CURBSTONE EXCHANGE LLC),3
C11-0000834-LIC (KORBEN LABS LLC),"C10-0000300-LIC (LOVE IN IT, INC)",12
C11-0000834-LIC (KORBEN LABS LLC),C10-0000305-LIC (THREE HABITAT CONSULTING CONTRA COSTA LLC),2
C11-0000834-LIC (KORBEN LABS LLC),C10-0000314-LIC (REVOLUTION EMPORIUM),26
C11-0000834-LIC (KORBEN LABS LLC),"C10-0000318-LIC (STOCKTON PARTNERS, INC.)",22
C11-0000834-LIC (KORBEN LABS LLC),C10-0000324-LIC (RCP Marysville),18
C11-0000834-LIC (KORBEN LABS LLC),"C10-0000352-LIC (MIGLIORE, LLC)",4
C11-0000834-LIC (KORBEN LABS LLC),"C10-0000353-LIC (RISHON, LLC)",12
C11-0000834-LIC (KORBEN LABS LLC),"C10-0000357-LIC (CANNA CULTURE COLLECTIVE, INC.)",1
C11-0000834-LIC (KORBEN LABS LLC),C10-0000369-LIC (OAKLYFE LLC),3
C11-0000834-LIC (KORBEN LABS LLC),C10-0000383-LIC (LOS ANGELES WELLNESS CENTER),1
C11-0000834-LIC (KORBEN LABS LLC),"C10-0000411-LIC (LEAVE IT TO NATURE COOPERATIVE, INC.)",4
C11-0000834-LIC (KORBEN LABS LLC),"C10-0000425-LIC (PHSL, LLC)",3
C11-0000834-LIC (KORBEN LABS LLC),C10-0000436-LIC (THE GARRY FIVE),1
C11-0000834-LIC (KORBEN LABS LLC),C10-0000463-LIC (PATIENTS MUTUAL ASSISTANCE COLLECTIVE CORPORATION),1
C11-0000834-LIC (KORBEN LABS LLC),C10-0000465-LIC (COMPASSIONATE HEART MUTUAL BENEFIT ASSOCIATION),18
C11-0000834-LIC (KORBEN LABS LLC),"C10-0000479-LIC (DSWC, INC.)",8
C11-0000834-LIC (KORBEN LABS LLC),"C10-0000485-LIC (ASG NORTH BAY, INC.)",5
C11-0000834-LIC (KORBEN LABS LLC),"C10-0000490-LIC (MED THRIVE COOPERATIVE, INC.)",3
C11-0000834-LIC (KORBEN LABS LLC),"C10-0000493-LIC (The Boulevard and Company, Inc.)",4
C11-0000834-LIC (KORBEN LABS LLC),C10-0000495-LIC (PATIENTS AGAINST PAIN INC.),2
C11-0000834-LIC (KORBEN LABS LLC),"C10-0000503-LIC (THE LEONARD MOORE COOPERATIVE, INC.)",4
C11-0000834-LIC (KORBEN LABS LLC),C10-0000508-LIC (COMMUNITY HEALTH SOLUTIONS),4
C11-0000834-LIC (KORBEN LABS LLC),C10-0000513-LIC (THE NATURAL WAY OF LA),1
C11-0000834-LIC (KORBEN LABS LLC),C10-0000520-LIC (METRO HEALTH SYSTEMS),4
C11-0000834-LIC (KORBEN LABS LLC),"C10-0000534-LIC (DAVISVILLE BUSINESS ENTERPRISES, INC.)",4
C11-0000834-LIC (KORBEN LABS LLC),C10-0000535-LIC (J@G ENTERPRISES INC),8
C11-0000834-LIC (KORBEN LABS LLC),C10-0000599-LIC (PROPER WELLNESS INC.),1
C11-0000834-LIC (KORBEN LABS LLC),C10-0000601-LIC (THREE HABITAT CONSULTING ATWATER LLC),2
C11-0000834-LIC (KORBEN LABS LLC),"C10-0000628-LIC (THREE HABITAT CONSULTING MONTEREY, LLC)",2
C11-0000834-LIC (KORBEN LABS LLC),C10-0000634-LIC (LOUD SD INC.),1
C11-0000834-LIC (KORBEN LABS LLC),C10-0000638-LIC (JONESA LLC),1
C11-0000834-LIC (KORBEN LABS LLC),"C10-0000639-LIC (Seashore Enterprise Southern, LLC)",16
C11-0000834-LIC (KORBEN LABS LLC),C10-0000644-LIC (HUMANITY OF SANTA ROSA INC.),4
C11-0000834-LIC (KORBEN LABS LLC),"C10-0000648-LIC (THREE HABITAT CONSULTING ANTIOCH, LLC)",1
C11-0000834-LIC (KORBEN LABS LLC),"C10-0000656-LIC (3011 SR AVE., INC.)",15
C11-0000834-LIC (KORBEN LABS LLC),C10-0000659-LIC (TFA INC.),2
C11-0000834-LIC (KORBEN LABS LLC),"C10-0000670-LIC (DISPLEASED MARMOT, LLC)",10
C11-0000834-LIC (KORBEN LABS LLC),"C10-0000672-LIC (Eagle Eye, LLC)",9
C11-0000834-LIC (KORBEN LABS LLC),"C10-0000678-LIC (INTER-STAT, INC.)",4
C11-0000834-LIC (KORBEN LABS LLC),C10-0000680-LIC (COASTAL WELLNESS),1
C11-0000834-LIC (KORBEN LABS LLC),C10-0000688-LIC (PROPER WELLNESS INC.),1
C11-0000834-LIC (KORBEN LABS LLC),C10-0000689-LIC (BOSSY AND COMPANY),2
C11-0000834-LIC (KORBEN LABS LLC),C10-0000695-LIC (EMBARC TAHOE LLC),1
C11-0000834-LIC (KORBEN LABS LLC),C10-0000696-LIC (HH&M LLC),3
C11-0000834-LIC (KORBEN LABS LLC),C10-0000705-LIC (D.G.K.C. INC.),4
C11-0000834-LIC (KORBEN LABS LLC),C10-0000711-LIC (PDEE INC),11
C11-0000834-LIC (KORBEN LABS LLC),"C10-0000722-LIC (MENDOCINO, INC.)",9
C11-0000834-LIC (KORBEN LABS LLC),"C10-0000730-LIC (BRYANT WELLNESS PARTNERS, INC)",3
C11-0000834-LIC (KORBEN LABS LLC),"C10-0000741-LIC (BIOMASS INDUSTRIES, LLC)",13
C11-0000834-LIC (KORBEN LABS LLC),C10-0000745-LIC (Northstar Holistic Collective),3
C11-0000834-LIC (KORBEN LABS LLC),C10-0000748-LIC (PERFECT UNION TURLOCK LLC),6
C11-0000834-LIC (KORBEN LABS LLC),C10-0000753-LIC (E7 FORT BRAGG LLC),5
C11-0000834-LIC (KORBEN LABS LLC),C10-0000774-LIC (ALAMEDA PATIENTS GROUP LLC),4
C11-0000834-LIC (KORBEN LABS LLC),C10-0000780-LIC (TERP INC),1
C11-0000834-LIC (KORBEN LABS LLC),C10-0000786-LIC (EMBARC MARTINEZ LLC),4
C11-0000834-LIC (KORBEN LABS LLC),"C10-0000787-LIC (Integral Associates Dena, LLC)",1
C11-0000834-LIC (KORBEN LABS LLC),"C10-0000804-LIC (CANNADEL, INC.)",1
C11-0000834-LIC (KORBEN LABS LLC),C10-0000846-LIC (ECWC PARTNERS INC),3
C11-0000834-LIC (KORBEN LABS LLC),"C11-0000353-LIC (PACAFI, INC)",6
C11-0000834-LIC (KORBEN LABS LLC),"C11-0000524-LIC (NATURAL CANNABIS COMPANY, LLC)",20
C11-0000834-LIC (KORBEN LABS LLC),"C11-0000692-LIC (KEYSTONE INDUSTRIES, LLC)",1
C11-0000834-LIC (KORBEN LABS LLC),"C11-0000736-LIC (CANNACRUZ, LLC)",6
C11-0000834-LIC (KORBEN LABS LLC),"C11-0000922-LIC (NC4 SYSTEMS, INC.)",4
C11-0000834-LIC (KORBEN LABS LLC),"C11-0001274-LIC (NABITWO, LLC)",14
C11-0000834-LIC (KORBEN LABS LLC),C11-0001335-LIC (Davisville Business Enterprises Inc.),2
C11-0000834-LIC (KORBEN LABS LLC),"C12-0000002-LIC (TAHOE WELLNESS CENTER, INC.)",4
C11-0000834-LIC (KORBEN LABS LLC),"C12-0000048-LIC (CALIBUENO, LLC)",2
C11-0000834-LIC (KORBEN LABS LLC),"C12-0000101-LIC (INFLOR, LLC)",10
C11-0000834-LIC (KORBEN LABS LLC),"C12-0000106-LIC (COMPASSION UNION, INC.)",1
C11-0000834-LIC (KORBEN LABS LLC),"C12-0000132-LIC (ABYZ, LLC)",12
C11-0000834-LIC (KORBEN LABS LLC),C12-0000168-LIC (BERKELEY COMPASSIONATE CARE CENTER),1
C11-0000834-LIC (KORBEN LABS LLC),C12-0000185-LIC (SONOMA CHO),4
C11-0000834-LIC (KORBEN LABS LLC),C12-0000185-LIC (SONOMA CHO LLC),2
C11-0000834-LIC (KORBEN LABS LLC),"C12-0000216-LIC (Caliva CAMISJ2, Inc)",9
C11-0000834-LIC (KORBEN LABS LLC),"C12-0000219-LIC (BTD, INC.)",3
C11-0000834-LIC (KORBEN LABS LLC),"C12-0000256-LIC (WEST CLIFF PROVISIONS, INC.)",9
C11-0000834-LIC (KORBEN LABS LLC),C12-0000258-LIC (HERITAGE MENDOCINO),2
C11-0000834-LIC (KORBEN LABS LLC),C12-0000273-LIC (PRUSSIAN STICKS LLC),1
C11-0000834-LIC (KORBEN LABS LLC),"C12-0000305-LIC (SATLLA, INC)",3
C11-0000834-LIC (KORBEN LABS LLC),C8-0000052-LIC (ANRESCO INCORPORATED),26
C11-0000834-LIC (KORBEN LABS LLC),"C9-0000008-LIC (C XPRESS, INC.)",4
C11-0000834-LIC (KORBEN LABS LLC),"C9-0000042-LIC (MOUNTAIN HIGH RECREATION, INC)",1
C11-0000834-LIC (KORBEN LABS LLC),C9-0000073-LIC (FORESTDALE MANAGEMENT SERVICES CORP.),5
C11-0000834-LIC (KORBEN LABS LLC),"C9-0000083-LIC (NORCAL DELIVERY SOLUTIONS, LLC)",3
C11-0000834-LIC (KORBEN LABS LLC),"C9-0000095-LIC (PENINSULA DELIVERY SOLUTIONS, LLC)",3
C11-0000834-LIC (KORBEN LABS LLC),C9-0000130-LIC (HOWLIND HOLDINGS LLC),3
C11-0000834-LIC (KORBEN LABS LLC),C9-0000165-LIC (Jay Goods LLC),2
C11-0000834-LIC (KORBEN LABS LLC),C9-0000210-LIC (BAYQUEEN),4
C11-0000834-LIC (KORBEN LABS LLC),C9-0000241-LIC (IRIE CARE LLC),4
C11-0000834-LIC (KORBEN LABS LLC),"C9-0000255-LIC (OSMINOG, LLC)",20
C11-0000834-LIC (KORBEN LABS LLC),"C9-0000265-LIC (PRIMETIMING, LLC)",2
C11-0000834-LIC (KORBEN LABS LLC),C9-0000316-LIC (COASTAL CARE ORGANICS INC.),1
C11-0000834-LIC (KORBEN LABS LLC),C9-0000392-LIC (TOP SHELF),1
C11-0000834-LIC (KORBEN LABS LLC),C9-0000412-LIC (THE GOOD LEAF LLC),1
C11-0001267-LIC (Commerce on Demand LLC),"C12-0000244-LIC (SEED 2 SOUL, LLC)",1
C11-0001267-LIC (Commerce on Demand LLC),C8-0000086-LIC (ENCORE LABS LLC),13
C11-0001267-LIC (Commerce on Demand LLC),"C9-0000170-LIC (Good Tree Holdings, LLC)",1
C11-0001267-LIC (Commerce on Demand LLC),"CDPH-10002273 (San Diego Alternative Care Cooperative, Inc.)",1
CCL18-0003236 (Green Sprouts LLC),C11-0001112-LIC (OAKTOWN DISTRIBUTION),1
CCL18-0003236 (Green Sprouts LLC),"CCL18-0000071 (Rainmaker Properties, LLC)",1
CCL18-0003236 (Green Sprouts LLC),"CCL18-0000121 (Honeydew Farms, LLC)",1
CCL18-0003236 (Green Sprouts LLC),"CCL18-0000535 (Zabala Farms of Salinas, LLC)",2
CCL18-0003236 (Green Sprouts LLC),CCL18-0000868 (Bon Vivant Enterprises),1
CCL18-0003236 (Green Sprouts LLC),"CCL18-0001690 (BTW Industries, Inc.)",2
CCL18-0003236 (Green Sprouts LLC),CCL18-0003241 (Ladybug Farms LLC),2
CCL18-0003236 (Green Sprouts LLC),CCL18-0003246 (Ladybug Farms LLC),2
CCL18-0003236 (Green Sprouts LLC),CCL18-0003247 (Ladybug Farms LLC),4
CCL18-0003236 (Green Sprouts LLC),CCL18-0003248 (Ladybug Farms LLC),2
CCL18-0003236 (Green Sprouts LLC),"CCL19-0000208 (Nanofarms, Inc.)",2
CCL18-0003236 (Green Sprouts LLC),"CCL19-0001018 (A.C.E. Agriculture, LLC)",1
CCL18-0003236 (Green Sprouts LLC),CCL19-0003614 (PINNACLE FARMS),2
CCL18-0003236 (Green Sprouts LLC),CCL19-0004867 (Sierra Nevada Cannabis Co.),1
CCL18-0003236 (Green Sprouts LLC),CCL19-0005084 (Kori & Michael Allbritton),1
CCL18-0003236 (Green Sprouts LLC),CCL19-0005415 (Ladybug Farms LLC),1
CCL18-0003236 (Green Sprouts LLC),CCL19-0005417 (Ladybug Farms LLC),2
CCL18-0003236 (Green Sprouts LLC),CCL19-0005418 (Ladybug Farms LLC),5
CCL18-0003236 (Green Sprouts LLC),CCL19-0005419 (Ladybug Farms LLC),1
CCL18-0003236 (Green Sprouts LLC),CCL19-0005421 (Ladybug Farms LLC),4
CCL18-0003236 (Green Sprouts LLC),CCL19-0005422 (Ladybug Farms LLC),2
CCL18-0003236 (Green Sprouts LLC),CCL19-0005424 (Ladybug Farms LLC),3
CCL18-0003236 (Green Sprouts LLC),"CCL20-0000056 (Stone Madrone Farms, Inc.)",2
CCL18-0003236 (Green Sprouts LLC),CCL20-0000242 (Buck Mountain Cannabis),1
CCL18-0003236 (Green Sprouts LLC),CCL20-0001448 (LAND Hammer),1
CCL18-0003236 (Green Sprouts LLC),CCL20-0002085 (Green Sprouts LLC),2
CCL18-0003236 (Green Sprouts LLC),CCL20-0002087 (Green Sprouts LLC),1
CCL18-0003236 (Green Sprouts LLC),CCL20-0002088 (Green Sprouts LLC),1
CCL18-0003236 (Green Sprouts LLC),"CCL20-0002237 (Odell Farms, LLC)",1
CCL18-0003236 (Green Sprouts LLC),"CCL20-0002243 (Odell Farms, LLC)",1
CCL18-0003236 (Green Sprouts LLC),"CCL20-0002244 (Odell Farms, LLC)",1
CCL18-0003236 (Green Sprouts LLC),"CCL20-0002245 (Odell Farms, LLC)",1
CCL18-0003236 (Green Sprouts LLC),"CCL20-0002246 (Odell Farms, LLC)",1
CCL18-0003236 (Green Sprouts LLC),"CCL20-0002247 (Odell Farms, LLC)",1
CCL18-0003236 (Green Sprouts LLC),"CCL20-0002248 (Odell Farms, LLC)",1
CCL18-0003236 (Green Sprouts LLC),"CCL20-0002249 (Odell Farms, LLC)",1
CCL18-0003236 (Green Sprouts LLC),"CCL20-0002250 (Odell Farms, LLC)",1
CCL18-0003236 (Green Sprouts LLC),"CCL20-0002251 (Odell Farms, LLC)",1
CCL18-0003236 (Green Sprouts LLC),"CCL20-0002567 (DNA Organics, Inc.)",2
CCL18-0003236 (Green Sprouts LLC),CCL20-0003104 (Happy Frog Tim LLC),1
CCL18-0003236 (Green Sprouts LLC),"CCL20-0003153 (DNA Organics, Inc.)",1
CCL18-0003236 (Green Sprouts LLC),CCL21-0000057 (Cannabis Ag Management Inc.),1
CCL18-0003236 (Green Sprouts LLC),CCL21-0000058 (Patchwork Farms),1
CCL18-0003236 (Green Sprouts LLC),"CCL21-0000059 (Family Florals, Inc.)",1
CCL18-0003236 (Green Sprouts LLC),CCL21-0000123 (Ladybug Farms LLC),4
CCL18-0003236 (Green Sprouts LLC),CCL21-0000124 (Ladybug Farms LLC),7
CCL18-0003236 (Green Sprouts LLC),CCL21-0000129 (Ladybug Farms LLC),3
CCL18-0003236 (Green Sprouts LLC),CCL21-0000130 (Ladybug Farms LLC),4
CCL18-0003236 (Green Sprouts LLC),CCL21-0000131 (Ladybug Farms LLC),5
CCL18-0003236 (Green Sprouts LLC),"CCL21-0000314 (Ursa Valley, LLC)",1
CCL18-0003236 (Green Sprouts LLC),"CCL21-0000320 (Ursa Valley, LLC)",1
CCL18-0003236 (Green Sprouts LLC),"CCL21-0000321 (Ursa Valley, LLC)",1
CCL18-0003236 (Green Sprouts LLC),"CCL21-0000394 (Ursa Valley, LLC)",1
CCL18-0003236 (Green Sprouts LLC),CCL21-0000433 (Pinnacles of Prussian Hill LLC.),1
CCL18-0003239 (Ladybug Farms LLC),CCL18-0003249 (Ladybug Farms LLC),17
CCL18-0003240 (Ladybug Farms LLC),CCL18-0003249 (Ladybug Farms LLC),25
CCL18-0003241 (Ladybug Farms LLC),CCL18-0003249 (Ladybug Farms LLC),15
CCL18-0003242 (Ladybug Farms LLC),CCL18-0003249 (Ladybug Farms LLC),17
CCL18-0003244 (Ladybug Farms LLC),CCL18-0003249 (Ladybug Farms LLC),23
CCL18-0003245 (Ladybug Farms LLC),CCL18-0003249 (Ladybug Farms LLC),23
CCL18-0003249 (Ladybug Farms LLC),"C11-0000255-LIC (LADYBUG FARMS, LLC)",67
CCL18-0003249 (Ladybug Farms LLC),"C11-0000516-LIC (PURITY ANALYTICS, LLC)",1
CCL18-0003249 (Ladybug Farms LLC),"C11-0000712-LIC (Green Rose Green Leaf Care, Inc.)",23
CCL18-0003249 (Ladybug Farms LLC),C11-0000939-LIC (GREENFIELD ORGANIX),6
CCL18-0003249 (Ladybug Farms LLC),C11-0001065-LIC (EVENT HORIZON TECHNOLOGIES),1
CCL18-0003249 (Ladybug Farms LLC),"C11-0001189-LIC (BELO, INC.)",1
CCL18-0003249 (Ladybug Farms LLC),C11-0001240-LIC (GF DISTRIBUTION LLC),7
CCL18-0003249 (Ladybug Farms LLC),"C11-0001255-LIC (Kiva Sales & Service, Inc)",12
CCL18-0003249 (Ladybug Farms LLC),"C12-0000095-LIC (SCCC GROUP SERVICES, INC.)",4
CCL18-0003249 (Ladybug Farms LLC),C12-0000145-LIC (KEVIN DOUD),1
CCL18-0003249 (Ladybug Farms LLC),C12-0000200-LIC (ALTERNATIVE RESEARCH GROUP),4
CCL18-0003249 (Ladybug Farms LLC),C12-0000303-LIC (MS PARKER'S FLOWERS LLC),1
CCL18-0003249 (Ladybug Farms LLC),C8-0000012-LIC (QC LABS),1
CCL18-0003249 (Ladybug Farms LLC),CCL18-0003236 (Green Sprouts LLC),5
CCL18-0003249 (Ladybug Farms LLC),CDPH-10001892 (Utopia Manufacturing),1
CCL18-0003249 (Ladybug Farms LLC),CDPH-10003335 (Accentian Inc.),12
CCL18-0003249 (Ladybug Farms LLC),CDPH-10004371 (Pacific Coast Extracts Inc.),2
CCL19-0000362 (HTC Solutions),C11-0000156-LIC (HTC SOLUTIONS INC.),6
CCL19-0000362 (HTC Solutions),C11-0000277-LIC (COACHELLA DISTRIBUTION CO.),2
CCL19-0000362 (HTC Solutions),C12-0000267-LIC (MED X NOW),2
CCL19-0000362 (HTC Solutions),"CDPH-10003186 (Imperial Enterprise, Inc.)",1
CCL19-0000362 (HTC Solutions),"CDPH-10003356 (Euphoric Life, Inc.)",1
CCL19-0000362 (HTC Solutions),"CDPH-10003455 (Optimal Growth Management, Inc.)",1
CCL19-0000585 (Prominent Investments Inc),C11-0000904-LIC (BLUE TREE MEDICAL),2
CCL19-0005419 (Ladybug Farms LLC),CCL18-0003236 (Green Sprouts LLC),1
CCL20-0002088 (Green Sprouts LLC),CCL18-0003249 (Ladybug Farms LLC),1
CCL21-0000121 (Ladybug Farms LLC),CCL18-0003249 (Ladybug Farms LLC),1
CCL21-0000122 (Ladybug Farms LLC),CCL18-0003249 (Ladybug Farms LLC),3
CCL21-0000124 (Ladybug Farms LLC),CCL18-0003249 (Ladybug Farms LLC),2
"CDPH-10002016 (Greenleaf Processors, Inc.)","C11-0000074-LIC (HERBAL REMEDIES CAREGIVERS, INC.)",13
"CDPH-10002016 (Greenleaf Processors, Inc.)",C12-0000321-LIC (EL DORADO EXTRACTS LLC),2
"CDPH-10002016 (Greenleaf Processors, Inc.)",CDPH-10003066 (Essence of Humboldt LLC),1
"CDPH-10002016 (Greenleaf Processors, Inc.)","CDPH-10003204 (Herbal Remedies Caregivers, Inc.)",22
"CDPH-10002016 (Greenleaf Processors, Inc.)","CDPH-10004187 (Natura Manufacturing, LLC)",1
"CDPH-10002731 (Korben Labs, LLC)",C11-0000834-LIC (KORBEN LABS LLC),29
"CDPH-10002731 (Korben Labs, LLC)","CDPH-10002848 (Seven Zero Seven, LLC)",3
"CDPH-10002731 (Korben Labs, LLC)",CDPH-10002992 (ArcataX),1
"CDPH-10002731 (Korben Labs, LLC)","CDPH-10004061 (Event Horizon Technologies, Inc.)",1
CDPH-10003462 (Baldwin Park TALE Corporation),"C11-0000045-LIC (STUDIO CITY CAREGIVERS, INC.)",21
CDPH-10003462 (Baldwin Park TALE Corporation),C11-0000213-LIC (WONDERLAND OASIS INC),2
CDPH-10003462 (Baldwin Park TALE Corporation),"C11-0000571-LIC (THE LITTLE COTTAGE CAREGIVERS, LLC)",1
CDPH-10003462 (Baldwin Park TALE Corporation),"C11-0000928-LIC (CANNA HEALTHCARE, INC.)",1
CDPH-10003462 (Baldwin Park TALE Corporation),"C11-0001086-LIC (LAHC, INC.)",1
CDPH-10003462 (Baldwin Park TALE Corporation),"C11-0001218-LIC (EEL HOLDINGS, LLC)",3
CDPH-10003462 (Baldwin Park TALE Corporation),C11-0001235-LIC (Green Rocket Design and Technology Corp.),2
CDPH-10003462 (Baldwin Park TALE Corporation),C12-0000015-LIC (MELROSE FACILITY MANAGEMENT LLC),1
CDPH-10003462 (Baldwin Park TALE Corporation),"C12-0000015-LIC (MELROSE FACILITY MANAGEMENT, LLC)",2
CDPH-10003462 (Baldwin Park TALE Corporation),C12-0000022-LIC (DISCOUNT CAREGIVERS),3
CDPH-10003462 (Baldwin Park TALE Corporation),"C12-0000072-LIC (BROADWAY ALLIANCE, LLC)",1
CDPH-10003462 (Baldwin Park TALE Corporation),C12-0000078-LIC (GREENARIUM INC.),1
CDPH-10003462 (Baldwin Park TALE Corporation),C12-0000080-LIC (ZEN MEDICAL GARDEN CORPORATION),1
CDPH-10003462 (Baldwin Park TALE Corporation),C12-0000151-LIC (Michael Toth),1
CDPH-10003462 (Baldwin Park TALE Corporation),C12-0000154-LIC (CALIFORNIA MARIJUANA COMPANY.),1
CDPH-10003462 (Baldwin Park TALE Corporation),C12-0000158-LIC (FOUNTAIN OF WELLBEING INC.),1
CDPH-10003462 (Baldwin Park TALE Corporation),"C12-0000192-LIC (MOTA, INC)",2
CDPH-10003462 (Baldwin Park TALE Corporation),"C12-0000250-LIC (HERBAL RELIEF CAREGIVERS, INC)",2
CDPH-10003462 (Baldwin Park TALE Corporation),C8-0000008-LIC (BELCOSTA LABS LONG BEACH LLC),1
CDPH-10003462 (Baldwin Park TALE Corporation),"CDPH-10001174 (G1 Perez, LLC)",6
CDPH-10003462 (Baldwin Park TALE Corporation),"CDPH-10002141 (Eden Infusions, LLC)",6
CDPH-10003462 (Baldwin Park TALE Corporation),"CDPH-10002590 (LA Wonderland Caregivers, Inc.)",10
CDPH-10003462 (Baldwin Park TALE Corporation),"CDPH-10002771 (Dabblicious, Inc.)",1
CDPH-10003462 (Baldwin Park TALE Corporation),CDPH-10002777 (VBX LABS LLC),2
CDPH-10003462 (Baldwin Park TALE Corporation),"CDPH-10002795 (Shepard Investments, Inc)",3
CDPH-10003462 (Baldwin Park TALE Corporation),"CDPH-10003030 (TMP Unlimited, Inc.)",1
CDPH-10003462 (Baldwin Park TALE Corporation),"CDPH-10003318 (V Products, LLC)",3
CDPH-10003462 (Baldwin Park TALE Corporation),CDPH-10003345 (go NXT LVL),1
CDPH-10003462 (Baldwin Park TALE Corporation),"CDPH-10003395 (MbioTeQ, LLC)",1
CDPH-10003462 (Baldwin Park TALE Corporation),"CDPH-10003446 (Magnolia Extracts, LLC)",1
CDPH-10003462 (Baldwin Park TALE Corporation),"CDPH-10003472 (Cosmic Edibles, LLC)",5
CDPH-10003462 (Baldwin Park TALE Corporation),CDPH-10003493 (GXM Inc.),1
CDPH-10003462 (Baldwin Park TALE Corporation),CDPH-10003537 (Lightbox Leasing Corp),3
CDPH-10003462 (Baldwin Park TALE Corporation),CDPH-10003582 (Rexford Management LLC),1
CDPH-10003462 (Baldwin Park TALE Corporation),CDPH-10003586 (LMG Productions Inc.),2
CDPH-10003462 (Baldwin Park TALE Corporation),"CDPH-10003604 (CANNAFUSIONS, INC)",2
CDPH-10003462 (Baldwin Park TALE Corporation),"CDPH-10003642 (The Little Cottage Caregivers, LLC)",4
CDPH-10003462 (Baldwin Park TALE Corporation),"CDPH-10003814 (SOLISTER, INC.)",5
CDPH-10003462 (Baldwin Park TALE Corporation),"CDPH-10003918 (CMCD Consulting, LLC)",2
CDPH-10003462 (Baldwin Park TALE Corporation),CDPH-10004077 (Spliffin Group),2
CDPH-10003462 (Baldwin Park TALE Corporation),CDPH-10004108 (KUSH KORNER CAREGIVERS),1
CDPH-10003462 (Baldwin Park TALE Corporation),"CDPH-10004350 (Infinite Star Industries, LLC)",1
CDPH-10003462 (Baldwin Park TALE Corporation),"CDPH-10004398 (CMS Service Partners, Inc.)",1
CDPH-10003462 (Baldwin Park TALE Corporation),"CDPH-10004409 (Canna Distribution & Transit, Inc.)",2
CDPH-10003462 (Baldwin Park TALE Corporation),CDPH-10004622 (Left Coast LLC),1
CDPH-10003462 (Baldwin Park TALE Corporation),CDPH-10004650 (Alto Brands),1
"CDPH-10003525 (Med For America, Inc.)",C11-0000314-LIC (Med For America Inc.),97
"CDPH-10003525 (Med For America, Inc.)","C8-0000016-LIC (LANDAU LABORATORIES, INC.)",17
"CDPH-10003525 (Med For America, Inc.)",C8-0000024-LIC (NIVA LABS LLC),12
"CDPH-10003525 (Med For America, Inc.)",CDPH-10001194 (Pure CA LLC),1
"CDPH-10003525 (Med For America, Inc.)","CDPH-10001887 (CSPA Group, Inc.)",3
"CDPH-10003525 (Med For America, Inc.)",CDPH-10002315 (Jayne Health LLC),1
"CDPH-10003525 (Med For America, Inc.)","CDPH-10002333 (Abstrax Labs, Inc.)",1
"CDPH-10003525 (Med For America, Inc.)","CDPH-10002421 (Cal City Extracts, LLC)",1
"CDPH-10003525 (Med For America, Inc.)",CDPH-10003602 (VO Leasing Corp.),2
"CDPH-10003525 (Med For America, Inc.)",CDPH-10004220 (SC Bloom Network Inc),2
"CDPH-10003556 (WTO Essentials, Inc)",C11-0000118-LIC (SECURE HAULING LLC),34
"CDPH-10003556 (WTO Essentials, Inc)",C11-0000559-LIC (CONNECTED MANAGEMENT LLC),1
"CDPH-10003556 (WTO Essentials, Inc)",C11-0001016-LIC (WALNUT LLC),1
"CDPH-10003556 (WTO Essentials, Inc)",C12-0000172-LIC (GREEN SPACE HOLDINGS LLC),1
"CDPH-10003556 (WTO Essentials, Inc)","C12-0000266-LIC (WESTSIDE CAREGIVERS CLUB, INC.)",9
"CDPH-10003556 (WTO Essentials, Inc)",C8-0000008-LIC (BELCOSTA LABS LONG BEACH LLC),6
"CDPH-10003556 (WTO Essentials, Inc)",C8-0000012-LIC (QC LABS),2
"CDPH-10003556 (WTO Essentials, Inc)",CCL18-0000317 (MTG Investments Inc. DBA Seven Leaves),1
"CDPH-10003556 (WTO Essentials, Inc)",CCL18-0002264 (California Artisanal Medicine dba CAM),1
"CDPH-10003556 (WTO Essentials, Inc)","CCL19-0000194 (Monterey Botanicals II, LLC)",1
"CDPH-10003556 (WTO Essentials, Inc)",CCL19-0001076 (Beecan Organics LLC),1
"CDPH-10003556 (WTO Essentials, Inc)",CCL19-0002618 (BALL FAMILY FARMS CORPORATION),1
"CDPH-10003556 (WTO Essentials, Inc)",CDPH-10001892 (Utopia Manufacturing),1
"CDPH-10003556 (WTO Essentials, Inc)","CDPH-10002061 (SOCAL LABS, L.L.C.)",1
"CDPH-10003556 (WTO Essentials, Inc)",CDPH-10002266 (CL Aromatherapy),8
"CDPH-10003556 (WTO Essentials, Inc)",CDPH-10002438 (Premium Extracts Incorporated),4
"CDPH-10003556 (WTO Essentials, Inc)","CDPH-10002468 (Royal Key, LLC)",7
"CDPH-10003556 (WTO Essentials, Inc)",CDPH-10003116 (HEDISYN LLC),2
"CDPH-10003556 (WTO Essentials, Inc)","CDPH-10003250 (NT Ventures, Inc)",17
"CDPH-10003556 (WTO Essentials, Inc)","CDPH-10003270 (Artisan Canna Cigars, LLC)",5
"CDPH-10003556 (WTO Essentials, Inc)",CDPH-10003335 (Accentian Inc.),2
"CDPH-10003556 (WTO Essentials, Inc)","CDPH-10003543 (DHS Development, Inc.)",2
"CDPH-10003556 (WTO Essentials, Inc)","CDPH-10004010 (Wookbros, LLC)",3
"CDPH-10003556 (WTO Essentials, Inc)","CDPH-10004187 (Natura Manufacturing, LLC)",19
"CDPH-10003556 (WTO Essentials, Inc)",CDPH-10004364 (DELC LLC),6
CDPH-10004364 (DELC LLC),C11-0000118-LIC (SECURE HAULING LLC),2
CDPH-10004633 (Commerce on Demand LLC),C11-0001267-LIC (Commerce on Demand LLC),1
